state_abbr,year,shall_level,income,population,violent,murder,robbery
AK,1979,0,13744.0,406000.0,491.1,13.3,109.60591133004927
AK,1980,0,15507.0,440142.0,436.0,8.86,81.79178537835517
AK,1981,0,17086.0,412000.0,615.8,14.56,114.5631067961165
AK,1982,0,19417.0,438000.0,623.7,18.49,133.78995433789956
AK,1983,0,19479.0,479000.0,613.8,13.78,97.07724425887265
AK,1984,0,19690.0,500000.0,621.6,11.6,109.39999999999999
AK,1985,0,20586.0,521000.0,581.8,9.79,92.89827255278311
AK,1986,0,20322.0,534000.0,570.4,8.61,88.01498127340824
AK,1987,0,19642.0,525000.0,455.4,10.1,73.14285714285714
AK,1988,0,20406.0,513000.0,522.8,5.65,72.90448343079923
AK,1989,0,22117.0,527000.0,497.7,7.97,67.55218216318785
AK,1990,0,23207.0,550043.0,524.5,7.45,76.72127451853764
AK,1991,0,23518.0,570000.0,613.9,7.37,113.1578947368421
AK,1992,0,24227.0,587000.0,660.5,7.5,109.02896081771719
AK,1993,0,25020.0,599000.0,760.8,9.02,122.37061769616027
AK,1994,0,25691.0,606000.0,766.3,6.27,146.20462046204622
AK,1995,1,26369.0,604000.0,770.9,9.11,155.13245033112582
AK,1996,1,26910.0,607000.0,727.7,7.41,116.9686985172982
AK,1997,1,28219.0,609000.0,701.1,8.87,106.4039408866995
AK,1998,1,29287.0,614000.0,653.9,6.68,86.64495114006515
AK,1999,1,29941.0,619500.0,630.8,8.39,91.36400322841
AK,2000,1,31996.0,626932.0,566.9,4.31,78.15839676392336
AK,2001,1,33591.0,633630.0,589.5,6.16,81.11989646954848
AK,2002,1,34766.0,641482.0,565.4,5.14,76.22973053024091
AK,2003,1,36045.0,648280.0,598.0,6.02,68.79743320787314
AK,2004,2,37054.0,657755.0,632.3,5.63,67.9584343714605
AK,2005,2,39013.0,663253.0,632.3,4.82,80.96457912742197
AK,2006,2,41013.0,670053.0,688.0,5.37,89.54515538323088
AK,2007,2,43747.0,683478.0,661.3,6.29,85.00639376834367
AK,2008,2,47800.0,686293.0,652.1,3.93,93.98318211026486
AK,2009,2,47211.0,698473.0,633.4,3.15,93.63282474769962
AK,2010,2,49543.0,714146.0,635.3,4.34,83.17626927827082
AK,2011,2,52415.0,723860.0,610.1,4.14,79.57339817091703
AK,2012,2,53340.0,730307.0,604.1,4.11,86.26509125614297
AK,2013,2,52252.0,737259.0,638.7,4.61,84.50218986814674
AK,2014,2,55098.0,737046.0,635.5,5.56,85.34067073154186
AK,2015,2,56714.0,737709.0,730.8,8.0,103.15720697456587
AK,2016,2,55536.0,741522.0,804.6,7.01,114.62910068750489
AK,2017,2,56500.0,739786.0,856.7,8.38,128.6858632090902
AK,2018,2,58997.0,735139.0,891.7,6.39,121.88171216599854
AK,2019,2,60504.0,733603.0,865.0,9.41,112.594959399021
AK,2020,2,61912.0,731158.0,837.8,6.7,97.37977290818127
AK,2021,2,65788.0,734182.0,759.1,6.13,73.551244786715
AK,2022,2,69233.0,733583.0,767.1,9.54,75.65606073205076
AL,1979,1,7275.0,3769000.0,413.3,13.16,109.49854072698328
AL,1980,1,7959.0,3861466.0,448.5,13.18,132.12598531231401
AL,1981,1,8793.0,3916000.0,470.5,11.87,126.45556690500511
AL,1982,1,9269.0,3943000.0,447.7,10.58,112.0213035759574
AL,1983,1,9908.0,3959000.0,416.0,9.19,98.3834301591311
AL,1984,1,10840.0,3990000.0,431.2,9.37,96.06516290726817
AL,1985,1,11601.0,4021000.0,457.5,9.85,105.37179806018405
AL,1986,1,12220.0,4053000.0,558.0,10.09,111.59634838391315
AL,1987,1,12830.0,4083000.0,559.2,9.31,112.19691403379866
AL,1988,1,13800.0,4127000.0,558.6,9.89,117.7610855342864
AL,1989,1,14975.0,4118000.0,590.8,10.22,133.92423506556582
AL,1990,1,15860.0,4040587.0,708.6,11.56,143.667244388006
AL,1991,1,16585.0,4089000.0,844.2,11.47,152.75128393250182
AL,1992,1,17574.0,4136000.0,871.7,11.0,164.86943907156675
AL,1993,1,18116.0,4187000.0,780.4,11.56,159.46978743730594
AL,1994,1,18963.0,4219000.0,683.7,11.87,171.20170656553685
AL,1995,1,19874.0,4253000.0,632.4,11.17,185.7512344227604
AL,1996,1,20599.0,4273000.0,565.4,10.39,166.721273110227
AL,1997,1,21487.0,4319000.0,564.5,9.86,160.47696225978237
AL,1998,1,22651.0,4352000.0,512.1,8.13,130.92830882352942
AL,1999,1,23296.0,4369862.0,490.2,7.89,121.21664253928385
AL,2000,1,24258.0,4447100.0,486.2,7.4,128.2183895122664
AL,2001,1,25046.0,4468912.0,438.2,8.48,124.95211362407673
AL,2002,1,25671.0,4478896.0,445.0,6.77,133.11316002872135
AL,2003,1,26700.0,4503726.0,429.2,6.64,134.06677049181056
AL,2004,1,28385.0,4525375.0,427.0,5.61,133.51379719912714
AL,2005,1,29780.0,4548327.0,432.6,8.22,141.74442602741624
AL,2006,1,31264.0,4599030.0,425.2,8.31,153.55411902075002
AL,2007,1,32516.0,4627851.0,448.9,8.9,159.85821496845944
AL,2008,1,33441.0,4661900.0,452.8,7.53,157.5752375640833
AL,2009,1,32717.0,4708708.0,450.1,6.84,133.05135931130152
AL,2010,1,33848.0,4785401.0,383.7,5.75,101.6424746849846
AL,2011,1,34884.0,4803689.0,419.8,6.22,102.12984229412021
AL,2012,1,35559.0,4817528.0,450.3,7.1,104.20281937126259
AL,2013,1,35706.0,4833996.0,431.0,7.16,96.09027396795528
AL,2014,1,36722.0,4846411.0,427.7,5.69,97.02024859220566
AL,2015,1,38189.0,4853875.0,473.0,7.17,95.01686796631557
AL,2016,1,38704.0,4860545.0,532.4,8.37,96.42951562016194
AL,2017,1,39968.0,4875120.0,522.4,8.59,86.82863191059913
AL,2018,1,41324.0,4887681.0,523.1,7.84,82.80000270066725
AL,2019,1,42998.0,4907965.0,504.7,7.95,79.91092031014891
AL,2020,1,45873.0,4921532.0,453.6,9.57,54.170124262120005
AL,2021,1,50630.0,5049846.0,348.3,9.43,31.090057003718528
AL,2022,1,51690.0,5074296.0,438.1,11.59,37.16771745282498
AR,1979,0,7090.0,2180000.0,366.2,9.08,74.58715596330275
AR,1980,0,7601.0,2284037.0,335.2,9.19,80.90937230876733
AR,1981,0,8592.0,2294000.0,310.3,9.11,77.41935483870968
AR,1982,0,9021.0,2291000.0,324.7,8.16,78.78655608904408
AR,1983,0,9518.0,2328000.0,297.7,7.65,69.3298969072165
AR,1984,0,10538.0,2349000.0,321.4,7.49,67.56066411238825
AR,1985,0,11165.0,2359000.0,347.6,7.93,68.5459940652819
AR,1986,0,11708.0,2372000.0,394.8,8.05,79.67959527824621
AR,1987,0,12106.0,2388000.0,412.0,7.62,79.14572864321609
AR,1988,0,13015.0,2422000.0,422.7,8.71,84.10404624277457
AR,1989,0,13934.0,2406000.0,473.7,8.44,110.55694098088112
AR,1990,0,14621.0,2350725.0,532.2,10.25,113.19911942060429
AR,1991,0,15313.0,2372000.0,593.3,11.13,135.6239460370995
AR,1992,0,16431.0,2399000.0,576.5,10.8,125.51062942892871
AR,1993,0,16945.0,2424000.0,593.3,10.19,124.87623762376238
AR,1994,0,17743.0,2453000.0,595.1,11.99,128.74031797798614
AR,1995,1,18582.0,2484000.0,553.2,10.43,125.6843800322061
AR,1996,1,19427.0,2510000.0,524.3,8.73,114.1035856573705
AR,1997,1,20176.0,2523000.0,526.9,9.91,111.53388822829965
AR,1998,1,21203.0,2538000.0,490.2,7.92,96.21749408983452
AR,1999,1,21842.0,2551373.0,425.2,5.6,79.32983534747761
AR,2000,1,22731.0,2673400.0,445.3,6.28,74.84850751851575
AR,2001,1,23841.0,2694698.0,452.4,5.49,80.93671350184695
AR,2002,1,24280.0,2706268.0,425.0,5.25,93.26496858404268
AR,2003,1,25564.0,2727774.0,456.4,6.6,81.64166092938784
AR,2004,1,27024.0,2750000.0,502.3,6.4,86.25454545454546
AR,2005,1,28043.0,2775708.0,528.5,6.81,91.21996982391519
AR,2006,1,29376.0,2810872.0,552.8,7.29,97.79883253310717
AR,2007,1,31036.0,2834797.0,537.1,6.98,109.5316525310278
AR,2008,1,32157.0,2855390.0,513.0,5.78,97.25466573742992
AR,2009,1,31411.0,2889450.0,515.8,6.19,89.15191472425549
AR,2010,1,32218.0,2921588.0,503.5,4.59,81.08603951001989
AR,2011,1,34181.0,2938582.0,482.3,5.44,80.2087537458543
AR,2012,1,36289.0,2949828.0,469.6,5.9,78.30965059657716
AR,2013,1,36286.0,2958765.0,463.2,5.34,76.417018587147
AR,2014,1,38220.0,2966835.0,480.2,5.9,68.65902552720323
AR,2015,1,39267.0,2977853.0,529.5,6.35,71.09148772622423
AR,2016,1,40181.0,2988231.0,554.3,7.26,71.11230691335442
AR,2017,1,41403.0,3002997.0,566.0,8.29,66.53353300053247
AR,2018,1,43031.0,3009733.0,561.6,7.38,52.928283007163756
AR,2019,1,43737.0,3020985.0,580.8,7.85,52.16841526852996
AR,2020,1,47131.0,3030522.0,671.9,10.59,52.03723978905284
AR,2021,1,53349.0,3028122.0,702.4,11.03,42.336471251818786
AR,2022,2,53714.0,3045637.0,653.2,10.28,39.794630811222746
AZ,1979,0,8712.0,2450000.0,593.0,8.94,175.7142857142857
AZ,1980,0,9676.0,2715357.0,650.9,10.27,193.6393630745423
AZ,1981,0,10755.0,2793000.0,575.8,8.13,177.62262799856785
AZ,1982,0,11129.0,2860000.0,517.0,8.25,158.63636363636365
AZ,1983,0,11942.0,2963000.0,494.2,7.19,132.39959500506245
AZ,1984,0,13038.0,3053000.0,516.1,7.8,131.11693416311823
AZ,1985,0,13987.0,3187000.0,602.5,7.97,146.53278945716974
AZ,1986,0,14720.0,3317000.0,658.3,9.26,169.24932167621344
AZ,1987,0,15208.0,3386000.0,612.6,7.47,138.42291789722387
AZ,1988,0,16025.0,3466000.0,610.1,8.48,137.04558568955568
AZ,1989,0,16779.0,3556000.0,599.6,6.66,139.03262092238472
AZ,1990,0,17317.0,3665228.0,652.4,7.75,160.89040026977858
AZ,1991,0,17745.0,3750000.0,670.7,7.76,165.73333333333335
AZ,1992,0,18287.0,3832000.0,670.8,8.14,153.10542797494782
AZ,1993,0,18924.0,3936000.0,715.0,8.61,162.90650406504065
AZ,1994,1,19836.0,4075000.0,703.1,10.45,161.9877300613497
AZ,1995,1,20712.0,4218000.0,713.5,10.41,173.75533428165005
AZ,1996,1,21681.0,4428000.0,631.5,8.51,167.77326106594398
AZ,1997,1,22757.0,4555000.0,623.7,8.23,165.68605927552142
AZ,1998,1,24130.0,4669000.0,577.9,8.05,165.23880916684516
AZ,1999,1,24866.0,4778332.0,551.1,8.04,152.52184235000834
AZ,2000,1,26271.0,5130632.0,531.7,7.0,146.25878449282663
AZ,2001,1,26946.0,5306966.0,540.3,7.54,167.1011270846657
AZ,2002,1,27325.0,5441125.0,554.5,7.11,147.02841783638493
AZ,2003,1,28384.0,5579222.0,513.3,7.9,136.56025876009235
AZ,2004,1,30154.0,5739879.0,504.4,7.21,134.51503071754647
AZ,2005,1,32150.0,5953007.0,512.0,7.48,144.1120428717789
AZ,2006,1,34460.0,6166318.0,542.6,8.64,153.9168106477804
AZ,2007,1,35602.0,6338755.0,518.0,8.65,154.03655765209413
AZ,2008,1,35586.0,6500180.0,485.6,7.11,150.90351344116624
AZ,2009,1,33467.0,6595778.0,426.5,5.76,124.30679140504729
AZ,2010,1,33778.0,6413158.0,413.6,6.36,108.41772493364424
AZ,2011,2,35263.0,6467315.0,414.2,6.14,110.47861438634116
AZ,2012,2,36364.0,6551149.0,428.6,5.46,112.69778782317422
AZ,2013,2,36918.0,6634997.0,415.6,5.35,100.31654874900471
AZ,2014,2,38268.0,6728783.0,392.7,4.62,92.51301461200339
AZ,2015,2,39888.0,6817565.0,410.2,4.49,93.28843949415958
AZ,2016,2,41173.0,6908642.0,471.0,5.63,101.97373087214535
AZ,2017,2,43255.0,7048876.0,505.7,5.99,105.54874280665457
AZ,2018,2,45297.0,7158024.0,475.7,5.35,90.93291668203403
AZ,2019,2,47718.0,7291843.0,447.1,5.44,86.46648042202774
AZ,2020,2,52080.0,7421401.0,484.8,6.91,83.69039754084169
AZ,2021,2,57175.0,7264877.0,425.6,6.68,72.52703658988307
AZ,2022,2,59120.0,7359197.0,446.2,7.03,70.6191178195121
CA,1979,0,10758.0,22696000.0,811.1,13.01,333.83415579837856
CA,1980,0,11950.0,23532680.0,893.6,14.49,384.23163022656155
CA,1981,0,13150.0,24159000.0,863.0,13.01,388.1824578831905
CA,1982,0,13785.0,24724000.0,814.7,11.24,372.0595372917004
CA,1983,0,14587.0,25174000.0,772.6,10.48,340.93111940891396
CA,1984,0,15877.0,25622000.0,763.4,10.6,327.5466396065881
CA,1985,0,16788.0,26365000.0,765.3,10.51,327.6578797648397
CA,1986,0,17581.0,26981000.0,920.5,11.26,342.8783217819947
CA,1987,0,18418.0,27663000.0,918.0,10.57,301.2724577956115
CA,1988,0,19590.0,28168000.0,929.8,10.42,305.8115592161318
CA,1989,0,20542.0,29063000.0,977.7,10.87,331.79988301276535
CA,1990,0,21483.0,29760021.0,1045.2,11.94,377.04274469429976
CA,1991,0,21877.0,30380000.0,1089.9,12.7,411.25411454904537
CA,1992,0,22664.0,30867000.0,1119.7,12.7,424.06777464606216
CA,1993,0,22990.0,31211000.0,1077.8,13.12,405.100765755663
CA,1994,0,23556.0,31431000.0,1013.0,11.78,356.8451528745506
CA,1995,0,24596.0,31589000.0,966.0,11.18,331.16274652568933
CA,1996,0,25864.0,31878000.0,862.7,9.15,295.57061296191733
CA,1997,0,26979.0,32268000.0,798.3,7.99,252.47303830420233
CA,1998,0,28901.0,32667000.0,703.7,6.65,210.5549943367925
CA,1999,0,30529.0,33145121.0,627.2,6.05,181.13978223220244
CA,2000,0,33175.0,33871648.0,621.6,6.14,177.87442760387685
CA,2001,0,33915.0,34600463.0,615.2,6.38,186.74316583567105
CA,2002,0,34047.0,35001986.0,595.4,6.84,185.61232496921747
CA,2003,0,35191.0,35462712.0,579.6,6.79,179.82268248406947
CA,2004,0,36969.0,35842038.0,527.8,6.67,172.33395042993928
CA,2005,0,38737.0,36154147.0,526.0,6.92,175.97428035019053
CA,2006,0,41454.0,36457549.0,533.5,6.82,195.13654085742297
CA,2007,0,43070.0,36553215.0,524.1,6.19,193.43305369992763
CA,2008,0,43391.0,36756666.0,504.2,5.83,188.77664258232778
CA,2009,0,41660.0,36961664.0,473.3,5.34,173.40398960393125
CA,2010,0,43137.0,37338198.0,439.6,4.84,155.6475757078582
CA,2011,0,45508.0,37683933.0,411.2,4.76,144.06935709178765
CA,2012,0,47793.0,37999878.0,423.5,4.96,148.7399512177381
CA,2013,0,48074.0,38431393.0,402.6,4.54,139.57339511476985
CA,2014,0,50617.0,38792291.0,396.4,4.38,125.49142818092389
CA,2015,0,53816.0,38993940.0,428.0,4.77,135.56465440527427
CA,2016,0,55862.0,39296476.0,444.8,4.91,139.42471584474902
CA,2017,0,58214.0,39399349.0,453.3,4.64,143.72064878533905
CA,2018,0,60984.0,39461588.0,447.5,4.41,137.67312151756286
CA,2019,0,64219.0,39437610.0,442.1,4.29,132.62974100103935
CA,2020,0,70090.0,39368078.0,442.0,5.6,113.61489377256365
CA,2021,0,77113.0,39142991.0,481.2,5.99,114.06639824738994
CA,2022,1,77230.0,39029342.0,503.6,5.76,124.22448731008583
CO,1979,0,9818.0,2772000.0,522.1,5.81,157.034632034632
CO,1980,0,11019.0,2878407.0,528.6,6.88,160.08854897865382
CO,1981,0,12372.0,2963000.0,531.7,8.07,159.50050624367194
CO,1982,0,13218.0,3045000.0,504.2,5.98,150.64039408866995
CO,1983,0,13943.0,3139000.0,476.4,6.44,126.40968461293406
CO,1984,0,15009.0,3178000.0,457.8,5.79,114.00251730648208
CO,1985,0,15720.0,3231000.0,471.0,5.85,124.17208294645621
CO,1986,0,16185.0,3267000.0,523.6,7.04,144.811753902663
CO,1987,0,16617.0,3296000.0,467.5,5.79,118.8106796116505
CO,1988,0,17620.0,3290000.0,472.6,5.68,98.78419452887539
CO,1989,0,18903.0,3317000.0,471.4,4.4,89.9608079589991
CO,1990,0,19843.0,3294394.0,526.0,4.19,90.60847002513967
CO,1991,0,20558.0,3377000.0,559.3,5.89,107.43263251406574
CO,1992,0,21600.0,3470000.0,578.8,6.22,120.46109510086455
CO,1993,0,22608.0,3566000.0,567.3,5.78,116.6573191250701
CO,1994,0,23586.0,3656000.0,509.6,5.44,106.94748358862144
CO,1995,0,24948.0,3747000.0,440.2,5.76,96.18361355751267
CO,1996,0,26269.0,3823000.0,404.5,4.71,98.22129217891707
CO,1997,0,27554.0,3893000.0,363.2,4.03,83.27767788338042
CO,1998,0,29776.0,3971000.0,377.9,4.61,81.54117350793251
CO,1999,0,31167.0,4056133.0,340.5,4.56,75.34269709597787
CO,2000,0,33872.0,4301261.0,334.0,3.12,70.53745401639193
CO,2001,0,34812.0,4430989.0,349.6,3.57,80.23039551666682
CO,2002,0,34405.0,4501051.0,352.9,3.98,79.51476221886844
CO,2003,1,34757.0,4547633.0,346.5,4.07,82.19660645439068
CO,2004,1,35753.0,4601821.0,372.0,4.37,81.2504441176656
CO,2005,1,37619.0,4663295.0,396.7,3.71,84.66116769365867
CO,2006,1,39869.0,4753377.0,395.4,3.6,80.4480688150761
CO,2007,1,41760.0,4861515.0,351.8,3.19,71.19179926422113
CO,2008,1,42961.0,4939456.0,353.9,3.34,68.91447155314269
CO,2009,1,40258.0,5024748.0,338.8,3.16,67.0879415246297
CO,2010,1,40827.0,5047692.0,323.7,2.56,62.68211293399043
CO,2011,1,43735.0,5116302.0,314.4,3.03,64.48016555707618
CO,2012,1,45495.0,5189458.0,307.4,2.93,65.36328071255225
CO,2013,1,47088.0,5272086.0,305.4,3.3,59.48309644417788
CO,2014,1,50251.0,5355588.0,307.8,2.8,56.707125342726144
CO,2015,1,51401.0,5448819.0,318.4,3.17,60.83887168944316
CO,2016,1,51312.0,5530105.0,344.1,3.42,63.74200851520902
CO,2017,1,54176.0,5615902.0,372.2,3.95,68.8758457679639
CO,2018,1,57798.0,5691287.0,401.5,3.78,66.43488546615202
CO,2019,1,61278.0,5758486.0,384.6,3.98,64.53085064372823
CO,2020,1,64707.0,5807719.0,423.1,5.06,68.25399093861118
CO,2021,1,71924.0,5811297.0,480.4,6.19,74.47562910654885
CO,2022,1,76653.0,5839926.0,500.4,6.37,74.43587470115203
CT,1979,1,10909.0,3115000.0,414.2,4.21,193.29052969502408
CT,1980,1,12371.0,3095224.0,412.5,4.72,218.04560833077025
CT,1981,1,13800.0,3132000.0,448.1,5.36,246.13665389527458
CT,1982,1,14852.0,3153000.0,399.5,5.2,208.49984142086902
CT,1983,1,15797.0,3138000.0,375.0,4.11,200.63734862970045
CT,1984,1,17536.0,3154000.0,393.8,3.87,190.51997463538365
CT,1985,1,18723.0,3174000.0,402.0,3.78,190.0441083805923
CT,1986,1,20007.0,3189000.0,425.8,4.64,192.19190968955786
CT,1987,1,21590.0,3211000.0,419.0,4.86,178.13765182186236
CT,1988,1,23717.0,3241000.0,455.4,5.37,187.59642085775997
CT,1989,1,25633.0,3239000.0,511.8,5.87,214.75764124729855
CT,1990,1,26392.0,3287116.0,553.7,5.05,234.765064573322
CT,1991,1,26615.0,3291000.0,539.7,5.68,224.3694925554543
CT,1992,1,28540.0,3281000.0,495.3,5.06,210.85035050289548
CT,1993,1,29390.0,3277000.0,456.2,6.29,196.73481843149222
CT,1994,1,30153.0,3275000.0,455.5,6.56,187.78625954198475
CT,1995,1,31733.0,3275000.0,405.9,4.58,163.206106870229
CT,1996,1,33122.0,3274000.0,412.0,4.83,169.57849725106902
CT,1997,1,35017.0,3270000.0,390.9,3.79,152.87461773700306
CT,1998,1,37638.0,3274000.0,366.3,4.12,133.75076359193648
CT,1999,1,39479.0,3282031.0,345.6,3.26,123.52107582164825
CT,2000,1,42857.0,3405565.0,324.7,2.88,112.52171078807774
CT,2001,1,45032.0,3434602.0,334.6,3.06,121.789948296775
CT,2002,1,44656.0,3458587.0,312.5,2.43,117.6492018272202
CT,2003,1,44898.0,3486960.0,316.8,3.21,120.79289696469131
CT,2004,1,47098.0,3498966.0,289.0,2.86,119.69250344244557
CT,2005,1,49424.0,3500701.0,272.6,3.0,112.34892668639796
CT,2006,1,53224.0,3504809.0,299.7,3.91,127.25372481068155
CT,2007,1,57112.0,3502309.0,301.1,3.23,122.86180345594862
CT,2008,1,60543.0,3501252.0,306.7,3.77,115.47297937994752
CT,2009,1,59586.0,3518288.0,300.9,3.01,113.72008203990123
CT,2010,1,61392.0,3575498.0,282.0,3.72,99.3707729664511
CT,2011,1,62964.0,3586717.0,275.7,3.6,102.85171648613482
CT,2012,1,63556.0,3591765.0,283.5,3.26,103.26399416442891
CT,2013,1,62000.0,3599341.0,262.2,2.53,98.6569485914227
CT,2014,1,64484.0,3594762.0,238.5,2.48,88.23949958300439
CT,2015,1,66222.0,3584730.0,221.4,3.24,81.59610347222804
CT,2016,1,67551.0,3587685.0,227.7,2.2,75.56404756827871
CT,2017,1,69147.0,3573880.0,229.2,2.94,78.7099734742073
CT,2018,1,72159.0,3571520.0,209.6,2.41,61.73841949646089
CT,2019,1,74176.0,3566022.0,184.6,3.0,54.45844136687883
CT,2020,1,76832.0,3557006.0,181.6,3.94,57.154809409936334
CT,2021,1,82126.0,3623355.0,168.6,4.28,54.314302628365155
CT,2022,1,85393.0,3626205.0,153.6,3.75,45.64000104792751
DC,1979,0,12204.0,656000.0,1608.7,27.44,1054.878048780488
DC,1980,0,13234.0,635233.0,2010.6,31.48,1400.5884454995253
DC,1981,0,14248.0,636000.0,2274.8,35.06,1635.0628930817609
DC,1982,0,15253.0,631000.0,2123.1,30.74,1448.0190174326465
DC,1983,0,16108.0,623000.0,1915.4,29.37,1235.6340288924557
DC,1984,0,17523.0,623000.0,1721.5,28.09,977.0465489566614
DC,1985,0,18539.0,626000.0,1624.8,23.48,835.4632587859425
DC,1986,0,19397.0,626000.0,1505.3,30.99,753.9936102236422
DC,1987,0,20434.0,622000.0,1610.3,36.17,717.3633440514469
DC,1988,0,22666.0,620000.0,1921.6,59.52,917.741935483871
DC,1989,0,24243.0,604000.0,2141.9,71.85,1083.112582781457
DC,1990,0,26117.0,606900.0,2458.2,77.77,1213.5442412259022
DC,1991,0,27527.0,598000.0,2453.3,80.6,1215.551839464883
DC,1992,0,29036.0,589000.0,2832.8,75.21,1266.383701188455
DC,1993,0,30311.0,578000.0,2921.8,78.55,1229.584775086505
DC,1994,0,31325.0,570000.0,2662.6,70.0,1107.1929824561403
DC,1995,0,32021.0,554000.0,2661.4,64.98,1238.9891696750901
DC,1996,0,33799.0,543000.0,2469.8,73.11,1186.7403314917128
DC,1997,0,35657.0,529000.0,2024.2,56.9,850.850661625709
DC,1998,0,38064.0,523000.0,1718.5,49.71,689.4837476099426
DC,1999,0,39679.0,519000.0,1627.7,46.44,644.3159922928709
DC,2000,0,43401.0,572059.0,1507.9,41.78,621.2645898412576
DC,2001,0,44809.0,573822.0,1602.4,40.26,658.74086389159
DC,2002,0,45124.0,569157.0,1637.9,46.38,673.6278390672521
DC,2003,0,45978.0,557620.0,1624.9,44.65,706.7537032387647
DC,2004,0,49986.0,554239.0,1369.4,35.72,577.7291024269314
DC,2005,0,52686.0,582049.0,1380.0,33.5,635.6853117177419
DC,2006,0,55384.0,581530.0,1508.4,29.06,658.4355063367325
DC,2007,0,59358.0,588292.0,1415.1,30.77,724.9801119172112
DC,2008,0,60609.0,591833.0,1437.7,31.43,748.5219648110193
DC,2009,0,60011.0,599657.0,1348.9,24.18,734.4198433437782
DC,2010,0,63190.0,604912.0,1326.8,21.82,714.9800301531462
DC,2011,0,66985.0,619020.0,1200.8,17.45,661.3679687247585
DC,2012,0,67522.0,633427.0,1241.8,13.89,637.3267953528978
DC,2013,0,67081.0,649111.0,1296.4,15.87,628.8600871037465
DC,2014,0,70527.0,659836.0,1242.6,15.91,529.98017689244
DC,2015,0,74784.0,670377.0,1273.6,24.17,558.7900539547151
DC,2016,0,77500.0,684336.0,1203.5,19.87,511.44467045427973
DC,2017,0,79567.0,695691.0,1002.7,16.67,377.32269067732653
DC,2018,1,82272.0,701547.0,997.1,22.81,344.23923129882957
DC,2019,1,83675.0,708253.0,1045.2,23.44,383.1964001564413
DC,2020,1,90736.0,712816.0,999.8,28.2,332.9049852977487
DC,2021,1,98087.0,668791.0,951.3,40.97,391.4526361748289
DC,2022,1,101182.0,671803.0,815.4,30.37,357.84299861715414
DE,1979,0,9549.0,582000.0,537.3,5.67,129.38144329896906
DE,1980,0,10815.0,594779.0,474.8,6.89,137.02568517045827
DE,1981,0,11886.0,598000.0,509.0,6.69,141.1371237458194
DE,1982,0,12720.0,602000.0,559.8,5.32,122.42524916943522
DE,1983,0,13431.0,606000.0,453.1,4.13,115.34653465346534
DE,1984,0,14643.0,613000.0,435.7,4.08,115.98694942903751
DE,1985,0,15727.0,622000.0,433.3,4.82,124.2765273311897
DE,1986,0,16492.0,633000.0,427.0,4.9,124.17061611374409
DE,1987,0,17490.0,644000.0,430.7,5.12,122.51552795031057
DE,1988,0,18912.0,660000.0,451.7,5.15,118.78787878787878
DE,1989,0,20692.0,673000.0,556.5,5.05,138.7815750371471
DE,1990,0,21462.0,666168.0,655.2,4.95,164.82328781928882
DE,1991,0,22276.0,680000.0,714.3,5.44,214.70588235294116
DE,1992,0,22808.0,689000.0,621.2,4.64,151.23367198838898
DE,1993,0,23300.0,700000.0,685.9,5.0,186.71428571428572
DE,1994,0,23912.0,706000.0,644.3,4.67,161.61473087818698
DE,1995,0,24882.0,717000.0,725.0,3.49,198.744769874477
DE,1996,0,26190.0,725000.0,668.3,4.28,179.86206896551724
DE,1997,0,27022.0,732000.0,785.9,3.01,243.57923497267757
DE,1998,0,29444.0,744000.0,762.4,2.82,194.22043010752688
DE,1999,0,31119.0,753538.0,734.4,3.18,197.9993046137023
DE,2000,0,33810.0,783600.0,684.4,3.19,177.89688616641143
DE,2001,0,36917.0,796599.0,611.1,2.89,145.1169283416123
DE,2002,0,37660.0,805945.0,600.0,3.23,143.1859494134215
DE,2003,0,37985.0,818166.0,675.3,2.57,176.1256273176837
DE,2004,0,38843.0,830069.0,615.0,3.37,161.79377858949076
DE,2005,0,39133.0,841741.0,633.4,4.4,155.15461406774767
DE,2006,0,40736.0,853476.0,701.0,4.92,209.84772858287755
DE,2007,0,41539.0,864764.0,705.4,4.51,203.87065141472127
DE,2008,0,41254.0,873092.0,708.6,6.53,211.54700764638778
DE,2009,0,41056.0,885122.0,645.4,4.63,189.80434335605713
DE,2010,0,41100.0,899792.0,623.3,5.67,204.38056795348257
DE,2011,0,43779.0,908137.0,566.4,5.29,171.56001792681062
DE,2012,0,43771.0,917053.0,550.5,6.11,163.34933749739656
DE,2013,0,43943.0,925240.0,500.7,4.43,133.2627210237344
DE,2014,0,45359.0,935968.0,488.1,5.34,135.7952408629355
DE,2015,0,47238.0,944076.0,504.2,6.57,131.34535778899155
DE,2016,0,48186.0,952698.0,510.0,6.09,142.64751264304113
DE,2017,0,49997.0,957078.0,457.3,5.33,113.0524366875009
DE,2018,0,52670.0,965479.0,422.5,4.76,89.17853210686096
DE,2019,0,53778.0,976668.0,422.7,4.81,80.78487264863801
DE,2020,0,55520.0,986809.0,431.9,7.4,70.93571299005177
DE,2021,0,59869.0,1004807.0,419.2,9.65,56.229703813767216
DE,2022,0,64087.0,1018396.0,392.4,4.81,57.443273539958916
FL,1979,0,8941.0,8860000.0,833.9,12.23,249.40180586907448
FL,1980,0,10153.0,9567112.0,983.5,14.5,355.5409406725875
FL,1981,0,11337.0,10166000.0,965.1,14.97,348.93763525477084
FL,1982,0,11924.0,10416000.0,896.8,13.53,297.63824884792626
FL,1983,0,12850.0,10680000.0,826.7,11.23,263.35205992509367
FL,1984,0,13908.0,10976000.0,868.0,11.52,276.1570699708455
FL,1985,0,14814.0,11366000.0,941.1,11.4,312.3878233327468
FL,1986,0,15597.0,11675000.0,1036.5,11.74,366.7837259100643
FL,1987,0,16330.0,12023000.0,1024.4,11.4,356.55826332862017
FL,1988,1,17580.0,12377000.0,1117.7,11.44,403.2964369394845
FL,1989,1,19057.0,12671000.0,1109.4,11.09,403.97758661510534
FL,1990,1,19765.0,12937926.0,1244.3,10.66,416.8210577182154
FL,1991,1,20109.0,13277000.0,1184.3,9.4,399.81170445130675
FL,1992,1,20812.0,13488000.0,1207.2,8.96,366.8594306049822
FL,1993,1,21623.0,13679000.0,1206.0,8.95,357.5773082827692
FL,1994,1,22289.0,13953000.0,1146.8,8.35,328.75367304522325
FL,1995,1,23464.0,14166000.0,1071.0,7.32,299.90823097557535
FL,1996,1,24443.0,14400000.0,1051.0,7.48,289.1875
FL,1997,1,25397.0,14654000.0,1023.6,6.91,276.0952640917156
FL,1998,1,26909.0,14916000.0,938.7,6.48,242.6790024135157
FL,1999,1,27662.0,15111244.0,854.0,5.68,211.5576983602409
FL,2000,1,29387.0,15982378.0,812.0,5.65,199.02545165681852
FL,2001,1,30405.0,16373330.0,798.3,5.34,200.73497571966118
FL,2002,1,30815.0,16691701.0,771.2,5.46,195.1928086897794
FL,2003,1,31779.0,16999181.0,731.1,5.44,185.43834552970523
FL,2004,1,33706.0,17385430.0,711.8,5.44,172.54103004642394
FL,2005,1,35736.0,17768191.0,708.9,4.97,169.63460151908544
FL,2006,1,38009.0,18089888.0,716.4,6.24,188.76291550284887
FL,2007,1,39184.0,18251243.0,722.6,6.59,209.05425455132013
FL,2008,1,39185.0,18328340.0,688.9,6.37,197.87934968469594
FL,2009,1,36777.0,18537969.0,612.5,5.49,166.74426416399768
FL,2010,1,38779.0,18838613.0,541.3,5.24,138.47091609132795
FL,2011,1,40437.0,19082262.0,514.6,5.16,134.27129341374726
FL,2012,1,41211.0,19320749.0,487.0,5.22,123.64427486739774
FL,2013,1,40743.0,19600311.0,469.3,4.96,118.3654687928166
FL,2014,1,42877.0,19905569.0,458.9,4.93,108.61784458409605
FL,2015,1,44957.0,20244914.0,462.5,5.14,104.40646969406735
FL,2016,1,45730.0,20656589.0,429.4,5.38,97.66859378380428
FL,2017,1,48447.0,20976812.0,408.1,5.04,88.65503490234836
FL,2018,1,51015.0,21244317.0,385.9,5.21,79.47537216658931
FL,2019,1,53666.0,21492056.0,378.2,5.22,75.53488600625272
FL,2020,1,56599.0,21733312.0,383.6,5.94,62.21325125227117
FL,2021,1,62604.0,21828069.0,337.3,4.29,38.629161379323115
FL,2022,1,65328.0,22244823.0,292.9,5.37,37.90994425983969
GA,1979,0,7850.0,5118000.0,558.7,17.14,213.73583431027748
GA,1980,0,8604.0,5400851.0,555.3,13.76,197.5614583701717
GA,1981,0,9594.0,5569000.0,548.2,17.24,196.4086909678578
GA,1982,0,10237.0,5639000.0,478.2,12.64,154.56641248448307
GA,1983,0,11066.0,5732000.0,456.7,8.43,144.22540125610607
GA,1984,0,12305.0,5837000.0,478.6,9.35,144.14939181086174
GA,1985,0,13191.0,5976000.0,507.2,10.37,164.19009370816602
GA,1986,0,14104.0,6104000.0,587.6,11.24,213.89252948885976
GA,1987,0,14847.0,6222000.0,576.5,11.81,209.16104146576666
GA,1988,0,15948.0,6401000.0,665.3,11.69,243.60256209967193
GA,1989,0,16928.0,6436000.0,735.8,12.74,271.1311373523928
GA,1990,1,17831.0,6478216.0,756.3,11.84,263.45216028610344
GA,1991,1,18333.0,6623000.0,738.2,12.82,268.1866223765665
GA,1992,1,19347.0,6751000.0,733.2,10.98,249.78521700488818
GA,1993,1,20070.0,6917000.0,723.1,11.41,247.99768685846465
GA,1994,1,21070.0,7055000.0,667.7,9.96,222.57973068745568
GA,1995,1,22210.0,7201000.0,657.1,9.48,205.20761005415915
GA,1996,1,23437.0,7353000.0,638.7,8.57,205.35835713314296
GA,1997,1,24356.0,7486000.0,606.6,7.52,206.69249265295218
GA,1998,1,26107.0,7642000.0,572.7,8.09,187.228474221408
GA,1999,1,27184.0,7788240.0,533.9,7.49,166.43041303298307
GA,2000,1,28760.0,8186453.0,504.7,7.95,161.8527584535085
GA,2001,1,29693.0,8405677.0,495.7,7.11,171.3365859763586
GA,2002,1,30086.0,8544005.0,459.6,7.09,157.20964582768855
GA,2003,1,30805.0,8676460.0,454.5,7.57,161.8517229376958
GA,2004,1,31982.0,8918129.0,451.0,6.87,153.126289157737
GA,2005,1,33283.0,9132553.0,445.9,6.18,153.7467124472204
GA,2006,1,34574.0,9363941.0,477.9,6.46,165.64606718474624
GA,2007,1,35440.0,9544750.0,491.5,7.54,181.15718064904792
GA,2008,1,35272.0,9685744.0,488.9,6.61,183.857843031986
GA,2009,1,34213.0,9829211.0,428.0,5.76,148.85223239179624
GA,2010,1,34740.0,9712157.0,402.3,5.71,127.38673808506185
GA,2011,1,36760.0,9812460.0,374.6,5.59,125.00433122784703
GA,2012,1,37250.0,9915646.0,380.0,5.88,126.08356530678888
GA,2013,1,37484.0,9994759.0,375.4,5.63,127.1066165777484
GA,2014,1,39550.0,10097132.0,385.8,6.01,126.63001731580809
GA,2015,1,41527.0,10199398.0,381.3,6.1,122.99745534001124
GA,2016,1,42742.0,10313620.0,390.4,6.61,117.45633443931422
GA,2017,1,44836.0,10413055.0,356.5,6.54,94.53517723665149
GA,2018,1,46624.0,10511131.0,338.9,6.16,80.85714087285184
GA,2019,1,48529.0,10628020.0,326.2,5.69,70.45526824375565
GA,2020,1,51497.0,10710017.0,400.1,8.8,65.50876623258394
GA,2021,1,56257.0,10788029.0,349.8,7.89,42.42665643557317
GA,2022,2,57405.0,10912876.0,371.2,8.37,44.277970353552995
HI,1979,0,10572.0,915000.0,289.7,7.21,184.4808743169399
HI,1980,0,11872.0,964680.0,299.5,8.71,190.21851805780153
HI,1981,0,12705.0,979000.0,247.6,4.8,148.4167517875383
HI,1982,0,13243.0,994000.0,255.7,3.12,156.94164989939637
HI,1983,0,14265.0,1023000.0,252.1,5.57,130.00977517106548
HI,1984,0,15038.0,1039000.0,231.9,3.27,115.88065447545716
HI,1985,0,15819.0,1054000.0,219.4,4.08,99.43074003795067
HI,1986,0,16593.0,1062000.0,245.2,4.8,106.30885122410547
HI,1987,0,17380.0,1083000.0,263.3,4.8,97.96860572483843
HI,1988,0,18952.0,1093000.0,257.1,4.03,84.08051235132663
HI,1989,0,20880.0,1112000.0,270.1,4.77,83.18345323741006
HI,1990,0,22431.0,1108229.0,280.9,3.97,91.40710087896996
HI,1991,0,23272.0,1135000.0,241.8,3.96,86.87224669603523
HI,1992,0,24530.0,1160000.0,258.4,3.62,99.22413793103449
HI,1993,0,25115.0,1172000.0,261.2,3.84,103.58361774744026
HI,1994,0,25376.0,1179000.0,262.2,4.24,103.56234096692111
HI,1995,0,25756.0,1187000.0,295.6,4.72,130.83403538331928
HI,1996,0,25620.0,1184000.0,280.6,3.38,135.6418918918919
HI,1997,0,26192.0,1187000.0,277.9,3.96,118.1971356360573
HI,1998,0,26625.0,1193000.0,246.9,2.01,102.68231349538978
HI,1999,0,27618.0,1185497.0,234.9,3.71,88.06433082496203
HI,2000,0,29174.0,1211537.0,243.8,2.89,92.69217531119561
HI,2001,0,30178.0,1227024.0,254.0,2.61,93.07071418325965
HI,2002,0,31353.0,1240663.0,262.9,1.93,97.52849887519818
HI,2003,0,32557.0,1248755.0,272.3,1.76,93.53315902639028
HI,2004,0,34336.0,1262124.0,254.6,2.61,74.79455267469757
HI,2005,0,36278.0,1273278.0,255.5,1.88,78.61598174161495
HI,2006,0,38315.0,1285498.0,280.7,1.63,88.99274833566446
HI,2007,0,40301.0,1283388.0,276.1,1.87,87.42484735715155
HI,2008,0,41887.0,1288198.0,272.5,2.02,84.2261826209946
HI,2009,0,41144.0,1295178.0,274.1,1.78,79.52574858436446
HI,2010,0,41498.0,1363359.0,264.3,1.83,78.11588877177618
HI,2011,0,42758.0,1378129.0,251.4,1.45,72.12677477942921
HI,2012,0,43523.0,1390090.0,243.0,1.51,80.93001172585947
HI,2013,0,43548.0,1408987.0,254.4,2.27,66.28875922914831
HI,2014,0,45445.0,1420257.0,236.7,1.41,67.03012201312862
HI,2015,0,47150.0,1431603.0,293.4,1.33,75.78916780699677
HI,2016,0,48561.0,1428683.0,241.6,2.45,68.94461542553526
HI,2017,0,50506.0,1424203.0,251.2,2.74,75.62124219651271
HI,2018,0,51554.0,1420593.0,255.0,2.82,66.94387484663095
HI,2019,0,53940.0,1415615.0,264.5,2.61,76.2212889804078
HI,2020,0,57030.0,1407006.0,254.2,2.91,61.620206310420855
HI,2021,0,61269.0,1447154.0,274.0,1.59,61.36181774710916
HI,2022,1,63296.0,1440196.0,276.2,2.01,69.36555857674927
IA,1979,0,9017.0,2903000.0,181.2,2.24,50.18945918015845
IA,1980,0,9612.0,2907804.0,200.4,2.17,54.88678053954118
IA,1981,0,10895.0,2897000.0,204.2,2.62,53.6416983085951
IA,1982,0,11268.0,2905000.0,172.7,2.31,36.1790017211704
IA,1983,0,11557.0,2905000.0,181.1,2.34,41.03270223752152
IA,1984,0,12914.0,2910000.0,198.7,2.03,38.281786941580755
IA,1985,0,13504.0,2884000.0,211.7,1.91,41.158113730929266
IA,1986,0,14139.0,2851000.0,235.1,1.79,41.98526832690284
IA,1987,0,14899.0,2834000.0,231.2,2.08,36.167960479887086
IA,1988,0,15434.0,2834000.0,256.8,1.66,39.94354269583627
IA,1989,0,16785.0,2840000.0,266.3,1.9,39.014084507042256
IA,1990,0,17627.0,2776755.0,299.7,1.94,39.21844022969257
IA,1991,0,17948.0,2795000.0,303.3,2.04,44.97316636851521
IA,1992,0,19076.0,2812000.0,278.0,1.56,39.58036984352774
IA,1993,0,19036.0,2814000.0,325.5,2.35,53.909026297086
IA,1994,0,20657.0,2829000.0,315.1,1.66,46.907034287734184
IA,1995,0,21363.0,2842000.0,354.4,1.79,53.026038001407464
IA,1996,0,23168.0,2852000.0,272.5,1.86,45.091164095371674
IA,1997,0,24180.0,2852000.0,310.0,1.82,55.85553997194951
IA,1998,0,25198.0,2862000.0,311.5,1.89,50.87351502445842
IA,1999,0,25705.0,2869413.0,280.0,1.5,36.627700508780016
IA,2000,0,27341.0,2926324.0,266.4,1.57,36.598818175977776
IA,2001,0,28145.0,2931967.0,268.2,1.71,39.35924244713532
IA,2002,0,28804.0,2935840.0,285.7,1.5,39.81824622595237
IA,2003,0,29344.0,2941976.0,277.9,1.7,38.443549505502425
IA,2004,0,31615.0,2952904.0,287.8,1.49,39.283363089352044
IA,2005,0,32411.0,2965524.0,293.3,1.35,38.880143947578915
IA,2006,0,34197.0,2982085.0,285.7,1.84,43.89546240298315
IA,2007,0,36366.0,2988046.0,300.2,1.31,44.443760236622865
IA,2008,0,38490.0,3002555.0,288.1,2.56,41.59790578357432
IA,2009,0,37246.0,3007856.0,282.1,1.26,39.92877318595039
IA,2010,0,38190.0,3050202.0,268.5,1.25,33.178130497586714
IA,2011,1,40879.0,3064097.0,257.3,1.44,26.892099042556424
IA,2012,1,42539.0,3075039.0,265.6,1.59,31.284156070866093
IA,2013,1,43009.0,3092341.0,273.0,1.33,30.300668652001832
IA,2014,1,44120.0,3109481.0,272.8,1.93,33.671213942133754
IA,2015,1,45442.0,3121997.0,276.1,2.34,33.632319313567564
IA,2016,1,45669.0,3130869.0,292.9,2.33,36.73101621307055
IA,2017,1,46767.0,3143637.0,287.5,3.12,40.3672561431234
IA,2018,1,48773.0,3148618.0,263.7,2.22,31.410606177059268
IA,2019,1,49674.0,3159596.0,287.6,2.22,29.085997070511542
IA,2020,1,52677.0,3163561.0,303.5,3.51,29.808181350067215
IA,2021,2,58242.0,3197689.0,295.0,2.28,21.640628591460896
IA,2022,2,61226.0,3200517.0,290.7,1.87,22.96503971077173
ID,1979,0,8007.0,905000.0,288.7,5.41,43.31491712707182
ID,1980,0,8857.0,943629.0,313.4,3.07,46.84044258919554
ID,1981,0,9597.0,959000.0,283.3,4.48,37.747653806047964
ID,1982,0,9956.0,965000.0,259.2,2.49,30.259067357512954
ID,1983,0,10795.0,989000.0,238.7,3.54,27.300303336703738
ID,1984,0,11385.0,1001000.0,235.3,3.4,24.375624375624376
ID,1985,0,11995.0,1005000.0,234.8,2.19,26.76616915422885
ID,1986,0,12286.0,1003000.0,222.5,3.19,21.335992023928213
ID,1987,0,12867.0,998000.0,214.2,3.11,24.248496993987974
ID,1988,0,13948.0,999000.0,234.7,3.6,20.22022022022022
ID,1989,0,15209.0,1014000.0,254.6,2.56,14.990138067061144
ID,1990,1,16143.0,1006749.0,275.7,2.68,14.99877327913909
ID,1991,1,16517.0,1039000.0,290.3,1.83,20.692974013474494
ID,1992,1,17619.0,1067000.0,281.4,3.47,21.46204311152765
ID,1993,1,18660.0,1099000.0,281.8,2.91,16.92447679708826
ID,1994,1,19329.0,1133000.0,285.8,3.53,18.446601941747574
ID,1995,1,20206.0,1163000.0,322.0,4.13,23.98968185726569
ID,1996,1,20999.0,1189000.0,267.2,3.62,20.269133725820016
ID,1997,1,21465.0,1210000.0,256.8,3.22,19.586776859504134
ID,1998,1,22756.0,1229000.0,282.2,2.93,21.48087876322213
ID,1999,1,23658.0,1251700.0,244.9,2.0,17.815770552049212
ID,2000,1,25139.0,1293953.0,252.5,1.24,17.23401081801271
ID,2001,1,25803.0,1320585.0,243.1,2.27,18.552383981341602
ID,2002,1,26272.0,1343124.0,254.6,2.68,17.868789478856755
ID,2003,1,26739.0,1367034.0,245.9,1.9,17.922012181116198
ID,2004,1,28299.0,1395140.0,247.4,2.22,17.27425204638961
ID,2005,1,29214.0,1429367.0,256.8,2.45,18.60963629354812
ID,2006,1,31244.0,1466465.0,250.0,2.39,20.048211174491037
ID,2007,1,32459.0,1499402.0,256.2,3.27,16.206460975775673
ID,2008,1,32690.0,1523816.0,241.5,1.51,15.684308341689547
ID,2009,1,31200.0,1545801.0,246.2,1.55,16.43161053719075
ID,2010,1,31948.0,1571102.0,220.5,1.4,13.557362921057958
ID,2011,1,33447.0,1583744.0,202.2,2.21,11.870605350359654
ID,2012,1,34812.0,1595590.0,209.8,1.88,15.229476243897242
ID,2013,1,35699.0,1612843.0,215.2,1.8,13.64050933661863
ID,2014,1,37107.0,1634806.0,210.4,1.96,12.417375517339671
ID,2015,1,38813.0,1652828.0,217.4,1.94,11.555951375460726
ID,2016,2,39653.0,1680026.0,230.7,2.92,12.678375215621662
ID,2017,2,41197.0,1718904.0,239.2,2.44,12.915206433867162
ID,2018,2,43254.0,1750536.0,239.7,1.94,11.13944528989978
ID,2019,2,45880.0,1789060.0,232.6,1.57,8.999139212770952
ID,2020,2,49726.0,1826913.0,242.6,2.24,9.52426306014572
ID,2021,2,55603.0,1904314.0,240.8,2.26,8.296951028034242
ID,2022,2,57074.0,1939033.0,248.7,2.73,8.303107786200647
IL,1979,0,10118.0,11230000.0,743.9,10.71,321.06856634016026
IL,1980,0,10954.0,11355062.0,808.0,10.61,367.01693042274894
IL,1981,0,12127.0,11455000.0,792.5,10.52,373.21693583587955
IL,1982,0,12860.0,11448000.0,774.3,8.78,346.78546470999305
IL,1983,0,13417.0,11486000.0,728.1,9.68,318.86644610830575
IL,1984,0,14765.0,11511000.0,724.9,8.97,303.7529319781079
IL,1985,0,15537.0,11535000.0,714.8,8.04,287.1261378413524
IL,1986,0,16362.0,11533000.0,810.3,8.87,325.8735801612763
IL,1987,0,17242.0,11582000.0,796.2,8.35,314.33258504576065
IL,1988,0,18655.0,11544000.0,810.4,8.58,312.6905751905752
IL,1989,0,19869.0,11658000.0,845.9,9.02,335.7179619145651
IL,1990,0,21024.0,11430602.0,967.4,10.34,394.01249383015875
IL,1991,0,21276.0,11543000.0,1039.2,11.26,456.14658234427793
IL,1992,0,22714.0,11631000.0,977.3,11.37,412.4580861490843
IL,1993,0,23299.0,11697000.0,959.7,11.39,381.1575617679747
IL,1994,0,24327.0,11752000.0,960.9,11.73,372.60040844111643
IL,1995,0,25602.0,11830000.0,996.1,10.32,330.84530853761623
IL,1996,0,27020.0,11847000.0,890.4,9.95,279.4462733181396
IL,1997,0,28360.0,11896000.0,861.4,9.21,278.4381304640215
IL,1998,0,29873.0,12045000.0,807.7,8.37,248.4599418845994
IL,1999,0,30958.0,12128370.0,689.5,7.74,217.38287997480288
IL,2000,0,33072.0,12419293.0,653.8,7.23,206.46102801504077
IL,2001,0,34206.0,12520227.0,633.1,7.84,199.1257826235898
IL,2002,0,34520.0,12586447.0,601.9,7.64,201.121094777581
IL,2003,0,35081.0,12649087.0,556.4,7.08,188.0451925107322
IL,2004,0,36366.0,12712016.0,545.7,6.14,177.6429482152949
IL,2005,0,37720.0,12765427.0,552.2,6.03,182.17173620592558
IL,2006,0,40021.0,12831970.0,541.6,6.08,185.3339744404016
IL,2007,0,42148.0,12852548.0,533.2,5.85,179.73089849576908
IL,2008,0,43238.0,12901563.0,525.4,6.12,186.44252638226857
IL,2009,0,41088.0,12910409.0,497.2,5.99,177.5544059061181
IL,2010,0,42107.0,12841980.0,444.9,5.48,158.74499103720765
IL,2011,0,44075.0,12859752.0,424.0,6.07,157.21142989382687
IL,2012,0,45934.0,12868192.0,416.2,5.98,151.38101762858372
IL,2013,0,46735.0,12890552.0,403.1,5.6,137.56586994878108
IL,2014,1,48536.0,12882189.0,370.9,5.36,118.54351772047436
IL,2015,1,50688.0,12839047.0,387.5,5.87,117.26727069384512
IL,2016,1,51347.0,12835726.0,436.7,8.27,138.9013757383104
IL,2017,1,53056.0,12786196.0,436.2,7.69,138.67298765011893
IL,2018,1,56077.0,12723071.0,411.4,7.09,112.00912106833327
IL,2019,1,57738.0,12667017.0,415.3,6.72,99.94460416371115
IL,2020,1,61597.0,12587530.0,425.9,9.14,97.405924752513
IL,2021,1,66852.0,12686469.0,344.8,9.06,85.60301530709609
IL,2022,1,68110.0,12582032.0,290.5,7.92,85.1134379566035
IN,1979,0,8732.0,5400000.0,338.0,8.3,132.72222222222223
IN,1980,1,9368.0,5461103.0,377.8,8.88,141.36338391713176
IN,1981,1,10288.0,5466000.0,341.6,7.1,128.97914379802415
IN,1982,1,10682.0,5471000.0,300.6,6.49,109.04770608663864
IN,1983,1,11246.0,5479000.0,283.8,5.22,99.90874247125389
IN,1984,1,12448.0,5498000.0,305.2,5.51,98.85412877409968
IN,1985,1,13149.0,5499000.0,309.4,5.8,92.10765593744317
IN,1986,1,13862.0,5504000.0,307.7,5.98,90.00726744186046
IN,1987,1,14616.0,5531000.0,328.5,5.55,88.60965467365757
IN,1988,1,15634.0,5575000.0,380.0,6.42,89.02242152466368
IN,1989,1,16924.0,5593000.0,406.5,6.31,101.39460039334882
IN,1990,1,17763.0,5544159.0,473.9,6.2,101.34990717257568
IN,1991,1,18134.0,5610000.0,505.3,7.54,115.97147950089128
IN,1992,1,19396.0,5662000.0,508.5,8.19,122.23595902507948
IN,1993,1,20212.0,5713000.0,489.1,7.53,119.81445825310695
IN,1994,1,21271.0,5752000.0,525.1,7.88,130.21557719054243
IN,1995,1,22014.0,5803000.0,524.7,8.03,135.1714630363605
IN,1996,1,23043.0,5841000.0,537.0,7.19,124.10546139359698
IN,1997,1,24066.0,5864000.0,514.6,7.33,132.38403819918145
IN,1998,1,25758.0,5899000.0,431.0,7.7,111.22224105780641
IN,1999,1,26545.0,5942901.0,374.6,6.58,109.30688564389682
IN,2000,1,28075.0,6080485.0,349.1,5.79,103.31412708032336
IN,2001,1,28596.0,6126743.0,371.1,6.74,117.04424357280858
IN,2002,1,28902.0,6156913.0,357.3,5.88,107.39148011349195
IN,2003,1,29445.0,6199571.0,352.3,5.45,103.24907965405994
IN,2004,1,30657.0,6226537.0,325.9,5.08,102.35223849147609
IN,2005,1,31376.0,6266019.0,324.0,5.68,108.66548601272993
IN,2006,1,32905.0,6313520.0,321.6,5.72,113.64500310444886
IN,2007,1,33845.0,6345289.0,335.8,5.52,123.6350306502982
IN,2008,1,35270.0,6376792.0,337.6,5.05,118.86854706880825
IN,2009,1,34200.0,6423113.0,334.0,4.86,114.38378867069598
IN,2010,1,35590.0,6490622.0,323.3,4.13,101.05348917253231
IN,2011,1,37681.0,6516353.0,331.8,4.7,107.06909217471797
IN,2012,1,39148.0,6537782.0,344.8,4.7,100.96696402541413
IN,2013,1,39435.0,6570713.0,359.6,5.43,108.26831121675836
IN,2014,1,40719.0,6597880.0,365.3,5.05,104.48810830145442
IN,2015,1,42146.0,6612768.0,383.7,5.6,107.08072625563152
IN,2016,1,43143.0,6634007.0,399.7,6.5,109.9034113168708
IN,2017,1,44568.0,6660082.0,395.0,6.2,105.62933008932923
IN,2018,1,46555.0,6695497.0,373.5,6.24,85.68445329749233
IN,2019,1,48270.0,6731010.0,371.5,5.54,79.26002189864522
IN,2020,1,51776.0,6754953.0,357.7,7.48,62.39865769606391
IN,2021,1,57389.0,6813532.0,332.6,7.19,46.803919024670314
IN,2022,2,58697.0,6833037.0,311.3,6.83,43.31895173405324
KS,1979,0,9251.0,2369000.0,353.6,5.49,102.2794428028704
KS,1980,0,10080.0,2354783.0,389.3,6.92,113.13144353428744
KS,1981,0,11338.0,2381000.0,369.4,6.34,109.65980680386393
KS,1982,0,12208.0,2408000.0,335.9,5.73,87.0016611295681
KS,1983,0,12649.0,2425000.0,326.6,5.65,84.04123711340206
KS,1984,0,13815.0,2438000.0,334.2,3.65,71.57506152584085
KS,1985,0,14521.0,2450000.0,355.8,4.94,78.73469387755102
KS,1986,0,15189.0,2461000.0,368.8,4.39,79.56115400243803
KS,1987,0,15748.0,2476000.0,360.7,4.44,82.06785137318255
KS,1988,0,16520.0,2487000.0,365.2,3.42,85.8866103739445
KS,1989,0,17414.0,2513000.0,400.8,5.49,99.80103461997612
KS,1990,0,18436.0,2477574.0,447.7,3.96,117.61505408112937
KS,1991,0,18957.0,2495000.0,499.6,6.13,138.39679358717436
KS,1992,0,20105.0,2523000.0,510.8,5.98,129.88505747126436
KS,1993,0,20836.0,2531000.0,496.4,6.36,123.58751481627816
KS,1994,0,21579.0,2554000.0,443.0,6.66,115.11354737666404
KS,1995,0,22321.0,2565000.0,420.7,6.2,108.18713450292398
KS,1996,0,23645.0,2572000.0,413.8,6.61,96.2674961119751
KS,1997,0,24932.0,2595000.0,429.7,5.78,97.6878612716763
KS,1998,0,26201.0,2629000.0,417.3,6.58,86.99125142639787
KS,1999,0,26871.0,2654052.0,382.8,6.03,77.12735093359136
KS,2000,0,28166.0,2688418.0,389.4,6.29,76.17862996007318
KS,2001,0,29047.0,2702125.0,403.7,3.4,89.67016699819587
KS,2002,0,29218.0,2711769.0,377.2,2.88,79.83718377192157
KS,2003,0,30029.0,2724786.0,397.5,4.59,82.46519176184844
KS,2004,0,30748.0,2733697.0,377.9,4.46,66.28386393956609
KS,2005,0,32340.0,2748172.0,389.4,3.68,65.31614469545575
KS,2006,0,35411.0,2764075.0,432.7,4.52,67.94316362616789
KS,2007,1,37748.0,2775997.0,458.6,3.82,72.83869543086682
KS,2008,1,41060.0,2802134.0,412.3,4.03,59.98999334078955
KS,2009,1,39382.0,2818747.0,406.6,4.43,63.36148650446457
KS,2010,1,39821.0,2859143.0,370.8,3.39,53.792342670513506
KS,2011,1,42889.0,2870386.0,355.7,3.87,50.44617692533339
KS,2012,1,44913.0,2885398.0,356.7,2.95,51.74329503243574
KS,2013,1,45669.0,2895801.0,342.8,4.04,46.23936520499855
KS,2014,1,46289.0,2902507.0,352.6,3.17,46.89049845530088
KS,2015,2,46597.0,2906721.0,395.0,4.33,62.716717565944585
KS,2016,2,46717.0,2907731.0,401.2,4.54,60.425121856182706
KS,2017,2,48271.0,2910689.0,400.4,4.6,56.10355486278335
KS,2018,2,50282.0,2911359.0,441.8,4.19,48.77447267753651
KS,2019,2,52156.0,2912635.0,405.5,3.26,39.72348062836573
KS,2020,2,55229.0,2913805.0,425.0,3.43,31.84839067816824
KS,2021,2,59197.0,2937922.0,444.9,4.83,33.322872424795484
KS,2022,2,61860.0,2937150.0,446.9,4.77,31.322881024122022
KY,1979,0,7535.0,3527000.0,248.0,9.5,92.06124184859654
KY,1980,0,8154.0,3641479.0,266.7,8.82,95.23602909696856
KY,1981,0,9051.0,3661000.0,289.5,8.41,100.71018847309479
KY,1982,0,9607.0,3667000.0,315.0,9.68,97.30024543223344
KY,1983,0,9951.0,3714000.0,322.2,9.8,87.12977921378568
KY,1984,0,11101.0,3723000.0,277.8,6.55,70.66881547139404
KY,1985,0,11584.0,3726000.0,305.5,6.87,75.71121846484165
KY,1986,0,11932.0,3728000.0,334.4,6.65,82.51072961373391
KY,1987,0,12583.0,3727000.0,337.8,7.51,90.17976925140864
KY,1988,0,13733.0,3721000.0,330.1,6.15,74.28110722923945
KY,1989,0,14770.0,3727000.0,356.9,7.86,76.09337268580627
KY,1990,0,15610.0,3685296.0,390.4,7.16,69.05822490242304
KY,1991,0,16359.0,3713000.0,438.0,6.81,83.05952060328575
KY,1992,0,17397.0,3755000.0,535.5,5.75,87.16378162450067
KY,1993,0,17855.0,3789000.0,462.7,6.57,90.39324359989443
KY,1994,0,18584.0,3827000.0,444.0,6.38,93.93781029527045
KY,1995,0,19283.0,3860000.0,364.7,7.15,103.65284974093265
KY,1996,0,20279.0,3884000.0,320.5,5.87,93.79505664263645
KY,1997,1,21369.0,3908000.0,316.9,5.83,90.73694984646878
KY,1998,1,22433.0,3936000.0,328.0,6.02,88.10975609756098
KY,1999,1,23189.0,3960825.0,308.3,5.13,78.36751181887611
KY,2000,1,24815.0,4041769.0,294.5,4.78,80.55878502705127
KY,2001,1,25564.0,4068816.0,258.3,4.45,80.34278276530567
KY,2002,1,26053.0,4089822.0,271.4,4.67,76.55589900978576
KY,2003,1,26661.0,4118189.0,248.5,4.4,78.28683919072193
KY,2004,1,28030.0,4141835.0,245.1,5.7,78.90222570430738
KY,2005,1,29104.0,4172608.0,266.8,4.55,88.4339003328374
KY,2006,1,30476.0,4206074.0,270.1,4.11,91.5342906472877
KY,2007,1,31529.0,4241474.0,290.7,4.86,95.91005391050376
KY,2008,1,32830.0,4269245.0,297.2,4.71,95.56724901007087
KY,2009,1,32198.0,4314113.0,255.0,4.27,84.4205981623569
KY,2010,1,33187.0,4347223.0,243.9,4.32,86.21595901567507
KY,2011,1,34607.0,4366814.0,239.6,3.46,84.84446555314699
KY,2012,1,35630.0,4379730.0,224.9,4.59,80.986727492334
KY,2013,1,35758.0,4399583.0,210.9,3.91,73.80244900482614
KY,2014,1,37225.0,4412617.0,215.2,3.72,75.76003083884235
KY,2015,1,38766.0,4424611.0,223.5,4.95,74.8992397297751
KY,2016,1,39319.0,4436113.0,235.6,5.97,75.98994885838121
KY,2017,1,40403.0,4453874.0,231.1,5.95,66.6161638160397
KY,2018,1,41658.0,4461153.0,217.9,5.6,55.34443674090532
KY,2019,2,43466.0,4472345.0,220.7,5.12,48.341530002716695
KY,2020,2,47086.0,4477251.0,259.1,7.21,52.91193189749693
KY,2021,2,51929.0,4506589.0,269.0,8.3,49.41653210443641
KY,2022,2,52606.0,4512310.0,219.9,7.27,39.27035154942812
LA,1979,0,7846.0,4026000.0,676.3,16.94,219.37406855439642
LA,1980,0,8850.0,4199542.0,665.0,15.74,196.95004836241665
LA,1981,0,10053.0,4305000.0,638.3,15.63,202.04413472706153
LA,1982,0,10649.0,4362000.0,669.1,16.0,212.63182026593307
LA,1983,0,11018.0,4438000.0,640.9,14.17,190.01802613789997
LA,1984,0,11693.0,4462000.0,678.0,12.89,190.51994621246078
LA,1985,0,12161.0,4481000.0,694.2,10.87,190.27002901138138
LA,1986,0,12177.0,4501000.0,758.2,12.77,223.75027771606312
LA,1987,0,12376.0,4461000.0,693.0,11.12,179.0405738623627
LA,1988,0,13250.0,4420000.0,717.4,11.58,209.00452488687785
LA,1989,0,14168.0,4382000.0,781.8,14.9,237.26608854404378
LA,1990,0,15363.0,4219973.0,898.4,17.16,269.8358496606495
LA,1991,0,16091.0,4252000.0,951.0,16.93,278.92756349952964
LA,1992,0,17051.0,4287000.0,984.6,17.42,271.42523909493815
LA,1993,0,17791.0,4295000.0,1061.7,20.35,283.6321303841676
LA,1994,0,18816.0,4315000.0,981.9,19.84,267.20741599073
LA,1995,0,19601.0,4342000.0,1007.4,17.04,268.5859051128512
LA,1996,1,20370.0,4351000.0,929.1,17.51,276.62606297402897
LA,1997,1,21307.0,4352000.0,855.9,15.67,239.13143382352942
LA,1998,1,22265.0,4369000.0,779.5,12.82,198.0086976424811
LA,1999,1,22677.0,4372035.0,732.7,10.7,173.62624041207354
LA,2000,1,23907.0,4468976.0,681.1,12.53,168.53972811668714
LA,2001,1,25630.0,4470368.0,686.3,11.21,175.91392923356645
LA,2002,1,26281.0,4476192.0,663.3,13.25,159.13079689164363
LA,2003,1,26987.0,4493665.0,636.9,13.0,155.95288033264606
LA,2004,1,27983.0,4506685.0,640.0,12.74,145.65029506166948
LA,2005,1,29970.0,4507331.0,596.6,9.98,118.40710167502675
LA,2006,1,33627.0,4287768.0,721.2,12.94,138.25374880357333
LA,2007,1,36208.0,4293204.0,740.4,14.56,147.11623300453462
LA,2008,1,38328.0,4410796.0,671.4,12.33,141.49373491768833
LA,2009,1,36803.0,4492076.0,642.9,11.78,136.9077459953928
LA,2010,1,38067.0,4545343.0,555.3,11.0,116.53685981453984
LA,2011,1,38966.0,4574766.0,554.6,11.06,114.43208242782254
LA,2012,1,40662.0,4602134.0,496.3,10.63,118.59715514585191
LA,2013,1,40996.0,4629284.0,521.2,10.67,119.6513326898933
LA,2014,1,42533.0,4648990.0,515.9,10.24,123.14502719945624
LA,2015,1,42484.0,4668960.0,539.8,10.54,119.10575374387444
LA,2016,1,42132.0,4686157.0,565.0,11.84,118.96741829179005
LA,2017,1,43486.0,4670818.0,556.3,12.33,115.29029818759797
LA,2018,1,45465.0,4659690.0,543.3,11.44,98.719013496606
LA,2019,1,47015.0,4658285.0,559.7,11.74,88.63777119691045
LA,2020,1,50181.0,4645318.0,639.4,15.8,80.66186211579057
LA,2021,1,55112.0,4627098.0,662.7,19.6,60.037630497560244
LA,2022,1,55297.0,4590241.0,639.7,16.51,67.70886321655007
MA,1979,0,9482.0,5769000.0,531.3,3.67,203.2241289651586
MA,1980,0,10688.0,5728288.0,601.3,4.05,235.53285030361604
MA,1981,0,11859.0,5770000.0,628.6,3.64,270.9358752166378
MA,1982,0,12996.0,5781000.0,571.4,3.79,213.78654212074036
MA,1983,0,14046.0,5767000.0,576.8,3.52,208.47927865441304
MA,1984,0,15715.0,5798000.0,523.7,3.64,174.57744049672303
MA,1985,0,16881.0,5822000.0,538.2,3.47,188.49192717279286
MA,1986,0,18143.0,5832000.0,556.9,3.57,192.71262002743484
MA,1987,0,19477.0,5855000.0,564.6,2.95,177.26729291204097
MA,1988,0,21343.0,5871000.0,619.6,3.54,176.32430591040708
MA,1989,0,22455.0,5913000.0,675.0,4.3,202.60443091493318
MA,1990,0,23115.0,6016425.0,736.3,4.04,217.10567321956145
MA,1991,0,23510.0,5996000.0,736.1,4.15,194.61307538358906
MA,1992,0,24613.0,5998000.0,779.0,3.57,184.378126042014
MA,1993,0,25448.0,6012000.0,804.9,3.88,175.6986027944112
MA,1994,0,26579.0,6041000.0,707.6,3.54,168.18407548419137
MA,1995,0,27928.0,6074000.0,687.2,3.57,150.42805400065853
MA,1996,0,29490.0,6092000.0,642.2,2.58,127.67564018384768
MA,1997,0,31026.0,6118000.0,644.2,1.95,109.12062765609676
MA,1998,0,32767.0,6147000.0,621.3,2.02,96.59996746380348
MA,1999,0,34767.0,6175169.0,551.0,1.98,96.04595436983182
MA,2000,0,38381.0,6349097.0,476.1,1.97,91.58782737135691
MA,2001,0,39711.0,6401164.0,477.8,2.23,101.16909986996114
MA,2002,0,39419.0,6421800.0,484.9,2.69,111.63536703105048
MA,2003,0,40158.0,6420357.0,473.1,2.18,124.7749930416642
MA,2004,0,42242.0,6407382.0,460.2,2.67,116.80277529886622
MA,2005,0,44061.0,6433367.0,460.8,2.77,121.81801535649994
MA,2006,0,47311.0,6437193.0,500.5,2.92,125.52054909647731
MA,2007,0,49662.0,6449755.0,441.7,2.9,108.85684805081743
MA,2008,0,51546.0,6497967.0,463.8,2.55,108.91098708257522
MA,2009,0,50751.0,6593587.0,462.6,2.62,113.24640138971398
MA,2010,0,52707.0,6555466.0,468.9,3.26,105.2099118506602
MA,2011,0,54757.0,6607003.0,427.3,2.78,102.43676293169536
MA,2012,0,56259.0,6645303.0,407.0,1.82,98.64110033808844
MA,2013,0,56119.0,6708874.0,406.4,2.06,99.94225558566161
MA,2014,0,58129.0,6755124.0,395.1,1.97,89.96133897764128
MA,2015,0,61536.0,6784240.0,389.9,1.93,77.62107472612998
MA,2016,0,63476.0,6823721.0,380.7,1.98,78.62279246176682
MA,2017,0,66069.0,6863246.0,354.3,2.51,71.01595950371005
MA,2018,0,69191.0,6882635.0,340.3,2.01,59.33773910718787
MA,2019,0,72381.0,6894883.0,328.7,2.22,52.5752213634372
MA,2020,0,77596.0,6893574.0,308.8,2.32,43.73638405854496
MA,2021,0,84132.0,6989690.0,301.1,1.92,37.426552536664715
MA,2022,1,85405.0,6981974.0,324.2,2.15,37.825978727506005
MD,1979,0,10311.0,4149000.0,795.5,9.79,331.1641359363702
MD,1980,0,11477.0,4192211.0,852.4,9.52,392.6567627440508
MD,1981,0,12669.0,4261000.0,887.1,9.88,424.43088476883355
MD,1982,0,13670.0,4265000.0,850.0,10.13,360.5392731535756
MD,1983,0,14559.0,4304000.0,807.1,8.53,347.35130111524165
MD,1984,0,15941.0,4349000.0,792.3,8.14,301.14968958381235
MD,1985,0,17100.0,4392000.0,834.6,7.92,302.18579234972674
MD,1986,0,18167.0,4463000.0,833.0,8.98,304.03316155052653
MD,1987,0,19214.0,4535000.0,767.8,9.61,290.27563395810364
MD,1988,0,20757.0,4644000.0,806.8,9.67,301.3350559862188
MD,1989,0,22110.0,4694000.0,855.4,11.59,332.10481465700894
MD,1990,0,23104.0,4781468.0,919.0,11.54,363.77949198865286
MD,1991,0,23627.0,4860000.0,956.2,11.71,407.0576131687243
MD,1992,0,24492.0,4908000.0,1000.1,12.14,428.97310513447434
MD,1993,0,25222.0,4965000.0,997.8,12.73,434.6827794561934
MD,1994,0,26140.0,5006000.0,948.0,11.57,402.4570515381542
MD,1995,0,27039.0,5042000.0,986.9,11.82,423.1257437524792
MD,1996,0,28070.0,5072000.0,931.2,11.59,393.217665615142
MD,1997,0,29363.0,5094000.0,846.6,9.85,336.80800942285043
MD,1998,0,31417.0,5135000.0,796.6,9.99,298.7147030185005
MD,1999,0,32948.0,5171634.0,743.4,8.99,263.66908408444993
MD,2000,0,35480.0,5296486.0,786.6,8.12,256.0188018999767
MD,2001,0,37012.0,5386079.0,781.4,8.28,251.1103160573768
MD,2002,0,37995.0,5450525.0,770.8,9.41,246.15977359979084
MD,2003,0,39295.0,5512310.0,703.5,9.52,241.31443986277986
MD,2004,0,41515.0,5561332.0,700.6,9.37,229.65721161764844
MD,2005,0,43311.0,5589599.0,704.3,9.88,257.2277546206803
MD,2006,0,45293.0,5615727.0,678.6,9.72,255.99535020131856
MD,2007,0,47033.0,5618344.0,641.9,9.86,235.97700674789584
MD,2008,0,49026.0,5633597.0,628.2,8.75,234.36181182289042
MD,2009,0,48448.0,5699478.0,590.0,7.72,210.66841559876184
MD,2010,0,49616.0,5785681.0,546.3,7.36,191.05788929600507
MD,2011,0,51797.0,5839572.0,493.5,6.83,177.1020204905428
MD,2012,0,52481.0,5884868.0,477.3,6.34,172.86708894744962
MD,2013,0,51871.0,5938737.0,475.4,6.47,169.1942242938187
MD,2014,0,53075.0,5975346.0,448.0,6.06,160.07441242733057
MD,2015,0,55032.0,5994983.0,470.1,8.97,168.6576926073018
MD,2016,0,56606.0,6024752.0,481.7,8.9,179.50946362605464
MD,2017,0,58245.0,6024891.0,503.3,9.26,185.71290335377023
MD,2018,0,59915.0,6035802.0,469.4,8.13,160.97280858450958
MD,2019,0,61723.0,6054954.0,454.4,9.0,152.18943034084157
MD,2020,0,64863.0,6055802.0,399.9,9.13,118.46490357511688
MD,2021,0,69268.0,6174610.0,435.1,11.01,120.25050974879385
MD,2022,1,70886.0,6164660.0,424.5,9.8,118.64401280849229
ME,1979,0,7635.0,1097000.0,202.5,2.83,31.814038286235185
ME,1980,0,8568.0,1123670.0,193.4,2.85,30.791958493151906
ME,1981,0,9389.0,1132000.0,195.6,3.18,32.50883392226149
ME,1982,0,10173.0,1133000.0,163.0,2.12,30.450132391879965
ME,1983,0,10893.0,1146000.0,159.6,2.09,27.13787085514834
ME,1984,0,11908.0,1156000.0,158.5,1.73,26.384083044982702
ME,1985,0,12793.0,1164000.0,167.5,2.41,24.398625429553263
ME,1986,1,13766.0,1174000.0,147.0,1.96,27.938671209540033
ME,1987,1,14701.0,1187000.0,152.1,2.53,25.610783487784328
ME,1988,1,15996.0,1206000.0,157.4,3.07,25.787728026533998
ME,1989,1,17201.0,1222000.0,137.2,3.19,23.97708674304419
ME,1990,1,17748.0,1227928.0,143.2,2.44,25.082903883615327
ME,1991,1,17995.0,1235000.0,132.1,1.21,22.672064777327936
ME,1992,1,18809.0,1235000.0,130.9,1.7,23.31983805668016
ME,1993,1,19364.0,1239000.0,125.7,1.61,21.307506053268767
ME,1994,1,20148.0,1240000.0,129.9,2.26,22.419354838709676
ME,1995,1,21009.0,1241000.0,131.4,2.01,26.913779210314264
ME,1996,1,22079.0,1243000.0,124.9,2.01,23.49155269509252
ME,1997,1,23260.0,1242000.0,120.8,2.01,20.692431561996777
ME,1998,1,24830.0,1244000.0,125.9,2.09,21.141479099678456
ME,1999,1,25793.0,1253040.0,112.0,2.0,19.392836621336908
ME,2000,1,27478.0,1274923.0,109.6,1.18,19.37371904028714
ME,2001,1,28821.0,1284470.0,111.7,1.48,20.553224287060033
ME,2002,1,29546.0,1294894.0,107.8,1.08,20.85112758264383
ME,2003,1,30740.0,1309205.0,108.6,1.22,22.074465037942876
ME,2004,1,32096.0,1314985.0,103.7,1.37,21.97743700498485
ME,2005,1,32684.0,1318220.0,112.5,1.44,24.502738541366387
ME,2006,1,34168.0,1321574.0,116.0,1.74,28.980594351886463
ME,2007,1,35402.0,1317207.0,118.8,1.52,26.495455915433187
ME,2008,1,36960.0,1316456.0,119.4,2.35,25.29518647034158
ME,2009,1,37107.0,1318301.0,119.9,1.97,30.2662290326716
ME,2010,1,38018.0,1327379.0,122.1,1.81,31.03861067562467
ME,2011,1,39502.0,1328544.0,123.3,1.96,27.8500373341041
ME,2012,1,39992.0,1328501.0,122.4,1.96,31.6145791384425
ME,2013,1,39950.0,1328702.0,132.5,1.81,25.21257588232726
ME,2014,1,41137.0,1330256.0,127.6,1.58,22.852744133460025
ME,2015,1,42939.0,1329453.0,129.8,1.73,23.393079710226687
ME,2016,2,44234.0,1330232.0,124.0,1.5,20.14686160008179
ME,2017,2,45905.0,1335063.0,120.6,1.72,18.65080524289865
ME,2018,2,47729.0,1339057.0,112.0,1.72,17.026907741791426
ME,2019,2,49983.0,1345770.0,116.1,1.63,14.266925254686909
ME,2020,2,54331.0,1350141.0,108.6,1.63,12.591277503608882
ME,2021,2,59381.0,1377238.0,112.9,1.45,11.690063736260544
ME,2022,2,61587.0,1385340.0,105.5,2.17,10.105822397389812
MI,1979,0,9566.0,9208000.0,614.2,9.06,219.56993918331884
MI,1980,0,10232.0,9228128.0,639.5,10.19,244.02565720804915
MI,1981,0,10987.0,9201000.0,641.9,9.36,257.45027714378875
MI,1982,0,11492.0,9109000.0,656.6,9.08,271.1494126687891
MI,1983,0,12333.0,9069000.0,716.7,10.03,285.2905502260448
MI,1984,0,13594.0,9075000.0,760.1,9.69,306.6887052341598
MI,1985,0,14710.0,9088000.0,734.1,11.2,292.3855633802817
MI,1986,0,15553.0,9145000.0,803.9,11.28,301.2575177692728
MI,1987,0,16003.0,9200000.0,780.1,12.22,276.54347826086956
MI,1988,0,17074.0,9300000.0,741.7,10.85,241.11827956989248
MI,1989,0,18313.0,9273000.0,709.2,10.71,222.3228728566807
MI,1990,0,19048.0,9295297.0,790.4,10.45,234.01081213435137
MI,1991,0,19312.0,9368000.0,803.1,10.77,243.27497865072587
MI,1992,0,20265.0,9437000.0,770.1,9.94,221.48988025855672
MI,1993,0,21198.0,9478000.0,791.5,9.84,238.45748048111417
MI,1994,0,22660.0,9496000.0,766.1,9.76,228.8647851727043
MI,1995,0,23767.0,9549000.0,687.8,8.46,187.29709917268823
MI,1996,0,24773.0,9594000.0,635.3,7.53,176.22472378569938
MI,1997,0,25800.0,9774000.0,590.0,7.77,152.79312461632904
MI,1998,0,27286.0,9817000.0,620.8,7.34,155.78078842823675
MI,1999,0,28506.0,9863775.0,574.9,7.05,142.97771390770774
MI,2000,0,30250.0,9938444.0,555.0,6.73,137.96928372288457
MI,2001,1,30694.0,10006266.0,553.9,6.72,129.2889875204197
MI,2002,1,30595.0,10043221.0,540.7,6.75,117.96016437356103
MI,2003,1,31267.0,10082364.0,511.3,6.07,111.62064769730591
MI,2004,1,32092.0,10104206.0,492.2,6.36,112.1909034712871
MI,2005,1,32756.0,10100833.0,553.8,6.23,132.14751694241454
MI,2006,1,33563.0,10095643.0,564.4,7.14,140.9419885390163
MI,2007,1,34669.0,10071822.0,533.8,6.56,132.69694400874045
MI,2008,1,35826.0,10003422.0,514.9,5.54,132.41468769387114
MI,2009,1,34247.0,9969727.0,499.8,6.25,124.64734490723768
MI,2010,1,35635.0,9877143.0,493.0,5.87,116.65316579905748
MI,2011,1,37689.0,9876801.0,442.8,6.25,103.91016281486283
MI,2012,1,39042.0,9882519.0,455.0,7.09,105.46906107643203
MI,2013,1,39292.0,9898193.0,452.2,6.31,101.96810670392061
MI,2014,1,40829.0,9916306.0,429.1,5.49,81.04832585843963
MI,2015,1,42982.0,9917715.0,420.6,5.9,78.82864147638846
MI,2016,1,44080.0,9933445.0,460.9,6.16,71.70724758631069
MI,2017,1,45264.0,9976447.0,449.9,5.7,65.23364480360593
MI,2018,1,47089.0,9984072.0,452.5,5.56,56.469945328919906
MI,2019,1,48577.0,9984795.0,438.6,5.77,53.601501082395785
MI,2020,1,52820.0,9966555.0,478.0,7.57,44.52892699633925
MI,2021,1,57084.0,10037504.0,491.1,7.58,40.23908732688923
MI,2022,1,58052.0,10034113.0,463.3,6.95,36.70478895344312
MN,1979,0,9359.0,4060000.0,221.0,2.29,92.46305418719213
MN,1980,0,10284.0,4061235.0,227.8,2.61,99.10778371603712
MN,1981,0,11313.0,4090000.0,228.5,2.08,104.30317848410759
MN,1982,0,12063.0,4133000.0,219.3,2.3,101.33075248003871
MN,1983,0,12698.0,4144000.0,190.9,1.67,79.58494208494209
MN,1984,0,14335.0,4162000.0,211.5,1.78,71.119654012494
MN,1985,0,15134.0,4193000.0,256.4,2.1,85.80968280467447
MN,1986,0,15927.0,4214000.0,284.6,2.49,102.01708590412909
MN,1987,0,16815.0,4246000.0,285.4,2.64,102.54357041921809
MN,1988,0,17539.0,4306000.0,290.1,2.88,94.7282861124013
MN,1989,0,18969.0,4353000.0,288.3,2.55,94.83115093039284
MN,1990,0,19929.0,4375099.0,306.1,2.67,92.72933023915574
MN,1991,0,20337.0,4432000.0,316.0,2.96,98.0370036101083
MN,1992,0,21562.0,4480000.0,338.0,3.35,109.50892857142856
MN,1993,0,21921.0,4517000.0,353.9,3.43,112.72968784591542
MN,1994,0,23211.0,4567000.0,359.0,3.22,117.58265820013138
MN,1995,0,24283.0,4610000.0,356.1,3.95,123.6876355748373
MN,1996,0,25878.0,4658000.0,338.8,3.59,115.60755689136968
MN,1997,0,27067.0,4686000.0,337.8,2.75,114.6606914212548
MN,1998,0,29141.0,4725000.0,310.2,2.56,92.5079365079365
MN,1999,0,30240.0,4775508.0,274.0,2.81,82.02268742927454
MN,2000,0,32348.0,4919479.0,280.8,3.07,75.4754720977567
MN,2001,0,33417.0,4984535.0,263.7,2.39,75.39319114019662
MN,2002,0,33889.0,5024791.0,267.2,2.23,78.35151750590224
MN,2003,0,35195.0,5064172.0,262.9,2.51,77.13008167969019
MN,2004,1,37084.0,5096546.0,269.8,2.22,79.8580057945126
MN,2005,1,37812.0,5126739.0,297.3,2.24,92.14434360711554
MN,2006,1,39362.0,5167101.0,310.5,2.44,105.30082535642326
MN,2007,1,41325.0,5197621.0,289.6,2.23,91.77275526630356
MN,2008,1,42983.0,5220393.0,265.4,2.11,80.05144440274898
MN,2009,1,40963.0,5266214.0,244.5,1.41,68.72109640815964
MN,2010,1,42538.0,5310658.0,235.7,1.81,63.79623767902207
MN,2011,1,45134.0,5347299.0,230.5,1.4,63.30298717165432
MN,2012,1,47399.0,5379646.0,230.9,1.84,64.5953283914964
MN,2013,1,47413.0,5422060.0,234.4,2.1,67.76022397391397
MN,2014,1,49357.0,5457125.0,229.1,1.61,67.56304830840415
MN,2015,1,51353.0,5482435.0,242.9,2.43,68.78330522842496
MN,2016,1,51982.0,5525050.0,241.9,1.83,67.51070126062207
MN,2017,1,53826.0,5568155.0,239.7,2.05,65.13827291086545
MN,2018,1,56201.0,5606249.0,221.2,1.91,52.54850435647792
MN,2019,1,57903.0,5640053.0,237.5,2.25,55.93919064235743
MN,2020,1,61372.0,5657342.0,277.5,3.36,68.53041587374425
MN,2021,1,67730.0,5711471.0,308.9,3.55,70.0169886181686
MN,2022,1,69467.0,5717184.0,283.3,3.2,57.19599019377372
MO,1979,0,8695.0,4868000.0,527.2,11.15,210.90797041906328
MO,1980,0,9374.0,4901288.0,554.5,11.1,223.57388506857788
MO,1981,0,10438.0,4938000.0,540.2,10.45,215.2490886998785
MO,1982,1,11166.0,4951000.0,506.5,9.67,192.9711169460715
MO,1983,1,11889.0,4970000.0,477.2,8.11,167.92756539235413
MO,1984,1,13086.0,5008000.0,460.7,7.15,140.8346645367412
MO,1985,1,13940.0,5029000.0,503.5,8.13,147.6436667329489
MO,1986,1,14608.0,5066000.0,578.6,9.16,170.23292538491907
MO,1987,1,15232.0,5103000.0,544.6,8.29,164.1387419165197
MO,1988,1,16147.0,5139000.0,552.5,8.04,168.08717649348122
MO,1989,1,17258.0,5159000.0,632.6,7.93,194.99903081992633
MO,1990,1,17917.0,5117073.0,715.3,8.77,216.39323886917384
MO,1991,1,18580.0,5158000.0,763.0,10.53,251.10507948817371
MO,1992,1,19566.0,5193000.0,740.4,10.53,226.90159830541114
MO,1993,1,20247.0,5234000.0,744.4,11.27,241.76538020634314
MO,1994,1,21271.0,5278000.0,743.5,10.5,230.73133762788936
MO,1995,1,22201.0,5324000.0,663.8,8.81,204.03831705484598
MO,1996,1,23270.0,5359000.0,590.9,8.08,170.59152827019966
MO,1997,1,24469.0,5402000.0,577.4,7.89,156.05331358756015
MO,1998,1,25506.0,5439000.0,555.7,7.34,149.2186063614635
MO,1999,1,26281.0,5468338.0,500.2,6.57,130.7344205862915
MO,2000,1,27857.0,5595211.0,490.0,6.2,135.79470014625008
MO,2001,1,28634.0,5637309.0,540.5,6.6,137.8494597333586
MO,2002,1,29144.0,5669544.0,539.0,5.84,123.8900341896985
MO,2003,1,30054.0,5719204.0,490.8,5.05,116.90438039978991
MO,2004,1,31396.0,5759532.0,490.1,6.15,115.11351964013743
MO,2005,1,32256.0,5797703.0,525.7,6.93,124.11812057292344
MO,2006,1,33860.0,5842713.0,545.9,6.32,130.02521260243316
MO,2007,1,35228.0,5878415.0,560.7,6.24,131.46400858054426
MO,2008,1,37124.0,5911605.0,502.4,7.71,125.09293161501826
MO,2009,1,36306.0,5987580.0,492.9,6.46,124.20710871504012
MO,2010,1,36984.0,5995715.0,457.7,7.01,103.15700462747147
MO,2011,1,38402.0,6008984.0,447.5,6.09,104.42697134823457
MO,2012,1,39983.0,6024522.0,451.3,6.47,95.9744192153336
MO,2013,1,40121.0,6044917.0,433.7,6.1,90.75393425583842
MO,2014,1,41380.0,6063827.0,443.3,6.66,92.2189897567988
MO,2015,1,42677.0,6076204.0,498.5,8.28,105.04913923232333
MO,2016,1,43826.0,6091176.0,520.8,8.83,107.9594482247763
MO,2017,2,44781.0,6108612.0,531.2,9.81,104.1480454152269
MO,2018,2,46680.0,6121623.0,501.4,9.78,85.04280645835263
MO,2019,2,48425.0,6140475.0,499.6,9.38,81.34549851599428
MO,2020,2,52204.0,6151548.0,542.7,11.75,74.37152404565485
MO,2021,2,56896.0,6169823.0,524.3,10.21,61.29835491228841
MO,2022,2,58527.0,6177957.0,494.4,10.21,55.24480018232565
MS,1979,0,6634.0,2406000.0,323.6,12.55,70.73981712385702
MS,1980,0,7168.0,2511491.0,341.9,14.53,81.02756490069046
MS,1981,0,8007.0,2530000.0,304.6,12.61,81.38339920948617
MS,1982,0,8394.0,2551000.0,294.6,14.03,73.03018424147393
MS,1983,0,8746.0,2587000.0,280.4,11.21,63.78044066486277
MS,1984,0,9509.0,2598000.0,282.0,9.7,60.508083140877595
MS,1985,0,9974.0,2613000.0,270.9,10.56,62.57175660160735
MS,1986,0,10324.0,2625000.0,274.1,11.24,64.64761904761905
MS,1987,0,10916.0,2625000.0,269.8,10.25,56.990476190476194
MS,1988,0,11737.0,2627000.0,325.2,8.56,77.19832508564903
MS,1989,0,12707.0,2621000.0,311.2,9.65,78.32888210606639
MS,1990,1,13353.0,2573216.0,340.4,12.16,86.15677813288896
MS,1991,1,13973.0,2592000.0,389.1,12.81,116.31944444444443
MS,1992,1,14881.0,2614000.0,411.7,12.24,124.48355011476664
MS,1993,1,15656.0,2643000.0,433.9,13.51,139.34922436625047
MS,1994,1,16724.0,2669000.0,493.7,15.32,162.45784938179094
MS,1995,1,17470.0,2697000.0,502.8,12.9,130.88616981831666
MS,1996,1,18360.0,2716000.0,488.3,11.08,134.24153166421206
MS,1997,1,19219.0,2731000.0,469.0,13.11,136.98279018674478
MS,1998,1,20173.0,2752000.0,410.7,11.45,123.32848837209303
MS,1999,1,20681.0,2768619.0,349.3,7.69,111.64410848874475
MS,2000,1,21628.0,2844658.0,360.9,8.96,95.0202098108103
MS,2001,1,22806.0,2859733.0,349.9,9.86,115.1855785137983
MS,2002,1,23202.0,2866733.0,343.9,9.21,117.06705856457508
MS,2003,1,24060.0,2882594.0,323.9,9.26,104.62798437795956
MS,2004,1,25287.0,2900768.0,295.4,7.83,86.28749351895773
MS,2005,1,26716.0,2908496.0,279.6,7.36,82.68878485650315
MS,2006,1,27827.0,2910540.0,311.8,7.94,111.97234877376708
MS,2007,1,29432.0,2918785.0,291.3,6.92,99.21936696262314
MS,2008,1,30736.0,2938618.0,304.3,8.03,104.77714354162399
MS,2009,1,30220.0,2951996.0,286.3,6.57,100.5760170406735
MS,2010,1,31213.0,2970072.0,269.3,6.87,93.49941684915383
MS,2011,1,32454.0,2977457.0,269.0,7.79,83.82992600732773
MS,2012,1,33441.0,2986450.0,260.1,7.13,76.24437040633528
MS,2013,1,33976.0,2992206.0,277.5,7.25,80.642843440592
MS,2014,1,34623.0,2993443.0,278.3,8.65,80.34226808394213
MS,2015,1,35100.0,2989390.0,274.0,8.46,77.34019314977303
MS,2016,2,35638.0,2985415.0,281.7,7.94,81.49620739495178
MS,2017,2,36579.0,2989663.0,256.2,6.36,83.35387633990855
MS,2018,2,37624.0,2981020.0,266.0,7.18,57.027460399460594
MS,2019,2,39142.0,2978227.0,261.2,10.01,54.39477917566391
MS,2020,2,42464.0,2966786.0,291.2,10.62,47.82953674447702
MS,2021,2,47035.0,2949586.0,255.4,9.29,27.80051166502689
MS,2022,2,46995.0,2940057.0,243.9,7.58,25.577735397647054
MT,1979,0,8299.0,786000.0,224.2,4.2,33.07888040712468
MT,1980,0,9148.0,781592.0,222.6,3.97,34.0331016694132
MT,1981,0,10303.0,792000.0,253.0,3.41,38.13131313131313
MT,1982,0,10737.0,801000.0,224.8,3.87,33.083645443196005
MT,1983,0,11157.0,817000.0,212.6,3.67,23.50061199510404
MT,1984,0,11687.0,824000.0,237.6,4.37,27.42718446601942
MT,1985,0,11840.0,826000.0,208.5,5.81,20.944309927360774
MT,1986,0,12440.0,819000.0,157.4,2.93,19.536019536019538
MT,1987,0,12862.0,809000.0,151.2,4.08,24.2274412855377
MT,1988,0,13346.0,804000.0,123.0,2.61,22.63681592039801
MT,1989,0,14711.0,806000.0,116.0,2.85,16.997518610421835
MT,1990,0,15470.0,799065.0,159.3,4.88,21.65030379255755
MT,1991,1,16323.0,808000.0,139.9,2.6,18.564356435643564
MT,1992,1,16965.0,824000.0,169.9,2.91,26.941747572815533
MT,1993,1,17939.0,839000.0,177.5,2.98,32.41954707985697
MT,1994,1,18082.0,856000.0,177.1,3.27,32.71028037383178
MT,1995,1,18710.0,870000.0,171.4,4.02,29.08045977011494
MT,1996,1,19378.0,879000.0,161.0,3.87,29.69283276450512
MT,1997,1,20127.0,879000.0,132.1,4.78,20.36405005688282
MT,1998,1,21431.0,880000.0,204.2,2.05,26.363636363636363
MT,1999,1,21723.0,882779.0,236.8,2.49,27.07359373070723
MT,2000,1,22982.0,902195.0,311.1,2.22,22.50067889979439
MT,2001,1,23910.0,905382.0,352.0,3.76,25.40364177772476
MT,2002,1,24516.0,910372.0,351.2,1.76,31.086193336350416
MT,2003,1,26114.0,918157.0,365.0,3.27,32.456322829320044
MT,2004,1,28034.0,926920.0,293.8,3.24,25.137012902947397
MT,2005,1,29839.0,934737.0,281.8,1.93,18.935807612194658
MT,2006,1,31870.0,944632.0,377.3,3.49,24.6656899194607
MT,2007,1,33841.0,957861.0,379.8,2.82,24.32503254647595
MT,2008,1,35569.0,967440.0,311.4,4.13,21.086579012651946
MT,2009,1,34479.0,974989.0,287.0,3.28,23.3848792140219
MT,2010,1,35999.0,990958.0,275.8,2.52,15.54051735795059
MT,2011,1,38150.0,997667.0,276.1,2.91,17.13998759104992
MT,2012,1,40217.0,1005494.0,278.8,2.88,20.089627586042283
MT,2013,1,40142.0,1014864.0,288.1,2.27,21.38217534566208
MT,2014,1,41850.0,1023252.0,328.5,3.71,19.740982670935413
MT,2015,1,43095.0,1032073.0,353.4,3.68,20.347397906931
MT,2016,1,43301.0,1038656.0,374.1,3.56,25.802575636206793
MT,2017,1,45369.0,1053090.0,373.9,3.89,22.220323049312025
MT,2018,1,47208.0,1060665.0,380.9,3.49,25.455728245958902
MT,2019,1,49654.0,1070123.0,417.9,2.99,19.5304651895156
MT,2020,1,53572.0,1080577.0,469.8,5.0,25.81953900554981
MT,2021,2,59236.0,1106227.0,469.8,3.25,26.124836945762485
MT,2022,2,62117.0,1122867.0,428.9,4.63,23.95653269710482
NC,1979,0,7568.0,5606000.0,446.1,10.7,77.18515875847307
NC,1980,0,8350.0,5843665.0,455.0,10.59,82.31135768391925
NC,1981,0,9309.0,5951000.0,436.7,9.09,80.80994790791463
NC,1982,0,9864.0,6019000.0,446.3,9.05,85.86143877720552
NC,1983,0,10639.0,6082000.0,409.6,8.06,79.57908582703058
NC,1984,0,11850.0,6165000.0,403.6,8.74,74.80940794809408
NC,1985,0,12628.0,6255000.0,420.9,8.31,78.22541966426859
NC,1986,0,13470.0,6331000.0,475.9,8.13,87.67967145790554
NC,1987,0,14301.0,6413000.0,484.0,8.09,93.91860283798535
NC,1988,0,15510.0,6526000.0,501.9,7.81,108.56573705179282
NC,1989,0,16692.0,6571000.0,546.4,8.89,133.46522599299954
NC,1990,0,17481.0,6628637.0,623.5,10.73,152.09763334453223
NC,1991,0,17978.0,6737000.0,658.4,11.41,177.97239127207956
NC,1992,0,19222.0,6843000.0,681.0,10.57,186.81864679234255
NC,1993,0,20067.0,6945000.0,679.3,11.3,192.42620590352772
NC,1994,0,20928.0,7070000.0,655.0,10.92,181.2022630834512
NC,1995,0,21959.0,7195000.0,646.4,9.41,179.23558026407227
NC,1996,1,23000.0,7323000.0,588.1,8.45,163.88092311894033
NC,1997,1,24189.0,7425000.0,607.0,8.27,172.61952861952864
NC,1998,1,25385.0,7546000.0,579.4,8.11,160.78717201166182
NC,1999,1,26158.0,7650789.0,542.1,7.21,157.9837059942445
NC,2000,1,27410.0,8049313.0,497.6,6.96,156.4729809860792
NC,2001,1,27782.0,8206105.0,493.1,6.15,162.12319973970597
NC,2002,1,27856.0,8305820.0,471.0,6.6,146.9451541208454
NC,2003,1,28709.0,8421190.0,454.1,6.01,145.21700614758723
NC,2004,1,30586.0,8540468.0,447.8,6.23,137.95496921246
NC,2005,1,32209.0,8672459.0,468.7,6.75,145.69108945917185
NC,2006,1,34189.0,8856505.0,475.2,6.09,152.06901593800265
NC,2007,1,35960.0,9061032.0,466.1,6.45,149.36488470628953
NC,2008,1,37772.0,9222414.0,467.6,6.5,155.30640892937575
NC,2009,1,35921.0,9380884.0,404.5,5.21,126.05421834445453
NC,2010,1,35848.0,9560234.0,362.7,4.96,100.62515206217756
NC,2011,1,36822.0,9651103.0,346.3,5.16,97.89554623963707
NC,2012,1,38876.0,9748364.0,353.5,4.91,96.34437121962209
NC,2013,1,38074.0,9848917.0,341.0,4.7,94.17279077486388
NC,2014,1,39880.0,9940387.0,329.1,5.01,84.61441189362145
NC,2015,1,41632.0,10035186.0,346.1,5.15,87.90071255281168
NC,2016,1,42596.0,10156689.0,371.8,6.68,91.91971911318737
NC,2017,1,44219.0,10270800.0,370.4,6.06,96.23398372083966
NC,2018,1,46048.0,10381615.0,356.2,5.53,72.94626125126004
NC,2019,1,48374.0,10501384.0,378.7,6.22,73.32366857549444
NC,2020,1,51814.0,10600823.0,419.3,8.04,69.23990712796544
NC,2021,1,57227.0,10565885.0,419.5,9.42,56.502602479584056
NC,2022,1,59120.0,10698973.0,405.3,8.14,54.67814527618679
ND,1979,0,8446.0,657000.0,61.3,1.52,9.89345509893455
ND,1980,0,8059.0,652437.0,54.0,1.23,7.663575180438878
ND,1981,0,10469.0,658000.0,67.5,2.28,12.917933130699089
ND,1982,0,11144.0,670000.0,61.8,0.75,12.686567164179106
ND,1983,0,11583.0,680000.0,53.7,2.06,7.794117647058824
ND,1984,0,12427.0,686000.0,53.6,1.17,7.72594752186589
ND,1985,1,12915.0,685000.0,47.0,1.02,6.423357664233576
ND,1986,1,13250.0,679000.0,51.3,1.03,6.9219440353460975
ND,1987,1,13773.0,672000.0,56.8,1.49,7.5892857142857135
ND,1988,1,12911.0,663000.0,59.1,1.81,8.144796380090497
ND,1989,1,14656.0,660000.0,63.2,0.61,9.242424242424242
ND,1990,1,16084.0,638800.0,73.9,0.78,7.827175954915466
ND,1991,1,16362.0,635000.0,65.4,1.1,8.031496062992126
ND,1992,1,17839.0,636000.0,83.3,1.89,7.861635220125786
ND,1993,1,17991.0,635000.0,82.2,1.73,8.346456692913385
ND,1994,1,19435.0,638000.0,81.8,0.16,11.128526645768025
ND,1995,1,19376.0,641000.0,86.7,0.94,9.98439937597504
ND,1996,1,21584.0,644000.0,84.0,2.17,11.024844720496894
ND,1997,1,21194.0,641000.0,87.2,0.94,6.3962558502340086
ND,1998,1,23286.0,638000.0,89.3,1.1,10.18808777429467
ND,1999,1,23683.0,633666.0,66.9,1.58,8.837463269293286
ND,2000,1,25842.0,642200.0,81.4,0.62,8.720024914356898
ND,2001,1,26493.0,636550.0,79.3,1.1,9.4258110124892
ND,2002,1,27197.0,633911.0,78.2,0.79,9.149549384692804
ND,2003,1,29663.0,633400.0,80.2,1.42,8.367540258920114
ND,2004,1,29984.0,636308.0,87.7,1.26,6.757733676144258
ND,2005,1,31731.0,634605.0,111.3,1.89,8.509230151038835
ND,2006,1,33120.0,635867.0,197.4,2.2,11.794919377794413
ND,2007,1,36501.0,639715.0,209.9,2.66,11.723970830760573
ND,2008,1,40973.0,641481.0,224.6,1.71,11.379916162754625
ND,2009,1,40186.0,646844.0,266.4,1.86,16.541855532400394
ND,2010,1,44081.0,674629.0,229.5,1.48,13.340665758513197
ND,2011,1,48873.0,684740.0,248.1,3.5,13.289715804538949
ND,2012,1,56056.0,701345.0,245.7,3.56,18.108063791714493
ND,2013,1,54337.0,723857.0,273.4,2.21,22.241962155508617
ND,2014,1,56647.0,740040.0,270.4,3.11,23.64737041241014
ND,2015,1,52972.0,756835.0,257.5,2.77,21.008542152516732
ND,2016,1,51298.0,755548.0,252.1,2.12,23.956121914160317
ND,2017,1,51830.0,755176.0,282.5,1.32,24.232761634373976
ND,2018,2,55173.0,758080.0,284.1,2.37,20.842127479949347
ND,2019,2,56657.0,763724.0,301.4,3.27,24.092473197123567
ND,2020,2,60444.0,765309.0,329.0,4.18,19.730592479638943
ND,2021,2,66157.0,777934.0,276.4,1.8,26.35184989986297
ND,2022,2,71089.0,,,,
NE,1979,0,8844.0,1574000.0,225.9,4.13,73.50698856416773
NE,1980,0,9392.0,1563921.0,224.6,4.41,82.22921746047274
NE,1981,0,10858.0,1576000.0,181.5,3.11,70.748730964467
NE,1982,0,11643.0,1586000.0,229.6,1.95,61.91677175283733
NE,1983,0,12031.0,1597000.0,217.7,2.63,49.84345648090169
NE,1984,0,13344.0,1606000.0,225.8,3.36,43.150684931506845
NE,1985,0,14101.0,1606000.0,237.9,2.93,48.50560398505604
NE,1986,0,14606.0,1598000.0,262.6,3.13,51.12640801001252
NE,1987,0,15307.0,1594000.0,251.2,3.45,47.114178168130486
NE,1988,0,16359.0,1601000.0,273.2,3.62,56.08994378513429
NE,1989,0,17320.0,1611000.0,279.5,2.48,51.955307262569825
NE,1990,0,18486.0,1578385.0,330.0,2.72,51.12821016418682
NE,1991,0,19014.0,1593000.0,334.6,3.26,54.04896421845575
NE,1992,0,19974.0,1606000.0,348.6,4.23,56.72478206724782
NE,1993,0,20460.0,1607000.0,377.8,3.92,62.41443683883012
NE,1994,0,21592.0,1623000.0,389.5,3.14,75.35428219346889
NE,1995,0,22561.0,1637000.0,382.0,2.93,65.18020769700672
NE,1996,0,24321.0,1652000.0,434.7,2.91,63.680387409200975
NE,1997,0,24880.0,1657000.0,438.4,3.02,66.20398310199155
NE,1998,0,26387.0,1663000.0,451.4,3.07,77.57065544197233
NE,1999,0,27467.0,1666028.0,430.2,3.6,75.86907302878463
NE,2000,0,28924.0,1711263.0,327.6,3.68,67.02651784091633
NE,2001,0,30184.0,1720039.0,303.1,2.5,65.57990836254294
NE,2002,0,30553.0,1727564.0,314.2,2.78,78.66568185028167
NE,2003,0,32268.0,1737475.0,293.8,3.22,67.05132447948891
NE,2004,0,33496.0,1747704.0,308.6,2.29,65.11400099788064
NE,2005,0,34401.0,1758163.0,287.3,2.5,59.152649669001114
NE,2006,0,35718.0,1768331.0,293.9,2.88,64.24136657673253
NE,2007,0,38184.0,1774571.0,311.3,4.0,62.83208730448091
NE,2008,1,40291.0,1783432.0,312.3,3.87,72.72494830192572
NE,2009,1,39422.0,1796619.0,289.4,2.28,67.905326616272
NE,2010,1,41085.0,1830141.0,278.3,2.95,55.73341070442113
NE,2011,1,45607.0,1842234.0,253.6,3.69,53.90194730962516
NE,2012,1,46385.0,1855350.0,258.8,2.8,60.79715417576199
NE,2013,1,45911.0,1868969.0,264.8,3.0,55.37812558688775
NE,2014,1,48187.0,1882980.0,276.2,2.81,55.44403020743715
NE,2015,1,49708.0,1893765.0,272.8,3.27,52.488033098087676
NE,2016,1,48688.0,1907603.0,296.8,2.57,49.59103125755202
NE,2017,1,49533.0,1917575.0,311.8,2.19,53.192182835091195
NE,2018,1,51436.0,1925614.0,289.9,2.28,38.221575040480595
NE,2019,1,53513.0,1932571.0,304.6,2.33,41.13691036448337
NE,2020,1,56911.0,1937552.0,334.1,3.56,41.23760291336697
NE,2021,1,63652.0,1963554.0,297.0,2.9,31.728182672847293
NE,2022,1,66354.0,1967923.0,284.7,3.1,29.218622883110772
NH,1979,1,8896.0,887000.0,139.9,2.37,28.6358511837655
NH,1980,1,10043.0,919114.0,179.8,2.5,41.996966643963646
NH,1981,1,11217.0,935000.0,147.1,2.89,35.82887700534759
NH,1982,1,12199.0,951000.0,124.8,2.21,33.85909568874868
NH,1983,1,13270.0,959000.0,125.1,1.98,24.087591240875913
NH,1984,1,14693.0,977000.0,133.9,1.02,23.23439099283521
NH,1985,1,15883.0,998000.0,140.8,2.1,26.653306613226455
NH,1986,1,17072.0,1027000.0,139.5,2.24,23.56377799415774
NH,1987,1,18292.0,1057000.0,149.6,3.03,26.490066225165563
NH,1988,1,19682.0,1097000.0,147.9,2.28,21.05742935278031
NH,1989,1,20665.0,1107000.0,168.5,3.25,23.848238482384822
NH,1990,1,20681.0,1109252.0,131.5,1.89,27.225553796612495
NH,1991,1,21459.0,1105000.0,119.3,3.62,33.0316742081448
NH,1992,1,22323.0,1111000.0,125.7,1.62,33.033303330333034
NH,1993,1,22812.0,1125000.0,137.8,2.04,27.288888888888888
NH,1994,1,24071.0,1137000.0,116.8,1.41,27.088830255057168
NH,1995,1,25205.0,1148000.0,114.5,1.83,27.351916376306622
NH,1996,1,26298.0,1162000.0,118.2,1.72,27.280550774526677
NH,1997,1,27985.0,1173000.0,113.2,1.36,23.358908780903665
NH,1998,1,30348.0,1185000.0,107.2,1.52,21.518987341772153
NH,1999,1,31857.0,1201134.0,96.5,1.5,21.39644702422877
NH,2000,1,35323.0,1235786.0,175.4,1.78,36.656832169971175
NH,2001,1,36782.0,1259359.0,170.2,1.35,35.33543651968978
NH,2002,1,37013.0,1274405.0,161.3,0.94,32.40728026019986
NH,2003,1,37374.0,1288705.0,150.3,1.32,37.24669338599602
NH,2004,1,39324.0,1299169.0,169.5,1.31,38.4861399864067
NH,2005,1,40404.0,1306819.0,134.8,1.45,27.930417295738735
NH,2006,1,42866.0,1314895.0,135.8,0.99,33.08248947634602
NH,2007,1,44422.0,1315828.0,144.1,0.91,34.274996428104586
NH,2008,1,45713.0,1315809.0,156.1,1.06,31.995525186406233
NH,2009,1,45119.0,1324575.0,160.4,0.83,34.275144857784575
NH,2010,1,46982.0,1316807.0,167.4,0.99,34.173572892610686
NH,2011,1,49086.0,1317807.0,217.3,1.21,38.624775858680366
NH,2012,1,50715.0,1321617.0,215.0,1.13,35.63816143406146
NH,2013,1,50423.0,1322616.0,223.2,1.59,48.766989058048594
NH,2014,1,51988.0,1327996.0,197.7,1.2,40.96397880716508
NH,2015,1,54161.0,1330111.0,202.4,1.13,35.711305297076706
NH,2016,1,55677.0,1335015.0,199.8,1.42,32.28428145002116
NH,2017,2,57878.0,1349767.0,195.7,0.96,32.6723056646073
NH,2018,2,60335.0,1353465.0,177.6,1.55,25.268477574226154
NH,2019,2,63946.0,1360783.0,158.1,2.43,24.030282565258382
NH,2020,2,67564.0,1366275.0,146.4,0.88,20.49367806627509
NH,2021,2,73970.0,1387505.0,129.7,0.94,13.837787971935237
NH,2022,2,75331.0,1395231.0,128.6,1.94,16.126361871260027
NJ,1979,0,10493.0,7332000.0,501.2,6.6,250.02727768685213
NJ,1980,0,11806.0,7342164.0,604.4,6.86,303.71154880223327
NJ,1981,0,13118.0,7401000.0,630.6,7.32,334.56289690582355
NJ,1982,0,14127.0,7438000.0,607.4,6.48,307.6095724657166
NJ,1983,0,15193.0,7468000.0,553.1,5.34,268.96089983931444
NJ,1984,0,16684.0,7515000.0,527.7,5.35,242.42182302062542
NJ,1985,0,17776.0,7562000.0,544.5,5.38,254.98545358370802
NJ,1986,0,18891.0,7620000.0,572.5,5.24,268.67454068241466
NJ,1987,0,20169.0,7672000.0,541.0,4.58,232.82064650677788
NJ,1988,0,22105.0,7720000.0,582.8,5.32,245.16839378238342
NJ,1989,0,23671.0,7736000.0,609.0,5.09,273.2549120992761
NJ,1990,0,24755.0,7730188.0,647.6,5.59,301.0146713120043
NJ,1991,0,25103.0,7760000.0,634.8,5.23,293.0927835051546
NJ,1992,0,26699.0,7789000.0,625.8,5.1,285.22275003209654
NJ,1993,0,27350.0,7879000.0,626.9,5.31,295.9639548166011
NJ,1994,0,28083.0,7904000.0,614.2,5.01,287.9807692307692
NJ,1995,0,29555.0,7945000.0,599.8,5.15,283.020767778477
NJ,1996,0,30999.0,7988000.0,531.5,4.23,235.828743114672
NJ,1997,0,32705.0,8053000.0,492.6,4.18,210.56749037625733
NJ,1998,0,34580.0,8115000.0,440.2,4.0,186.1860751694393
NJ,1999,0,35854.0,8143412.0,411.9,3.52,174.9021171960844
NJ,2000,0,39095.0,8414350.0,383.8,3.43,161.0700767141847
NJ,2001,0,40189.0,8511116.0,388.8,3.95,165.78319458928772
NJ,2002,0,40454.0,8575252.0,376.1,3.95,162.73574234319878
NJ,2003,0,41167.0,8642412.0,364.3,4.7,154.37819904906175
NJ,2004,0,42825.0,8685166.0,356.3,4.51,150.55555645107992
NJ,2005,0,44238.0,8703150.0,355.3,4.79,151.84157460229915
NJ,2006,0,47366.0,8724560.0,350.2,4.89,153.1309315312176
NJ,2007,0,50133.0,8685920.0,328.6,4.39,144.68242857406008
NJ,2008,0,51606.0,8682661.0,326.5,4.33,146.28004018583704
NJ,2009,0,49828.0,8707739.0,311.4,3.66,133.6627108368774
NJ,2010,0,50961.0,8799593.0,307.5,4.22,134.30166599750692
NJ,2011,0,52854.0,8834773.0,307.9,4.3,138.19257155786573
NJ,2012,0,54235.0,8867749.0,290.1,4.38,128.38658378806167
NJ,2013,0,54365.0,8911502.0,288.9,4.53,135.60003689613714
NJ,2014,0,56367.0,8938844.0,260.9,3.94,117.45366626825572
NJ,2015,0,58408.0,8935421.0,256.0,4.06,108.88127151479489
NJ,2016,0,59776.0,8978416.0,243.5,4.21,99.57212942683876
NJ,2017,0,61704.0,8888543.0,231.8,3.65,88.82220629410241
NJ,2018,0,64198.0,8886025.0,208.6,3.21,71.61807444836133
NJ,2019,0,67518.0,8891258.0,206.7,2.96,64.44532371009817
NJ,2020,0,70462.0,8882371.0,195.4,3.7,49.35619104403543
NJ,2021,0,76340.0,9267961.0,183.5,4.11,43.68814240802265
NJ,2022,1,77416.0,9261699.0,217.9,3.41,51.200109180831724
NM,1979,0,7877.0,1241000.0,586.0,12.41,121.03142626913778
NM,1980,0,8649.0,1295474.0,615.0,13.12,127.90685108307848
NM,1981,0,9597.0,1327000.0,671.7,11.38,140.76865109269028
NM,1982,0,10273.0,1359000.0,734.5,11.63,126.19573215599706
NM,1983,0,10820.0,1399000.0,686.8,8.86,114.01000714796282
NM,1984,0,11612.0,1424000.0,688.1,9.13,130.3370786516854
NM,1985,0,12384.0,1450000.0,703.9,10.9,138.13793103448276
NM,1986,0,12656.0,1479000.0,725.6,11.49,129.5469912102772
NM,1987,0,13010.0,1500000.0,628.5,10.13,108.33333333333333
NM,1988,0,13675.0,1510000.0,658.1,11.46,103.11258278145696
NM,1989,0,14514.0,1528000.0,703.9,8.64,105.17015706806284
NM,1990,0,15308.0,1515069.0,780.2,9.17,115.11026890524457
NM,1991,0,16044.0,1548000.0,834.8,10.53,120.2842377260982
NM,1992,0,16784.0,1581000.0,934.9,8.92,139.27893738140418
NM,1993,0,17595.0,1616000.0,929.7,8.04,138.42821782178217
NM,1994,0,18265.0,1654000.0,889.2,10.7,140.81015719467956
NM,1995,0,19191.0,1685000.0,819.2,8.78,154.540059347181
NM,1996,0,19782.0,1713000.0,840.6,11.5,162.40513718622302
NM,1997,0,20509.0,1730000.0,853.3,7.75,171.4450867052023
NM,1998,0,21318.0,1737000.0,961.4,10.94,163.4427173287277
NM,1999,0,21523.0,1739844.0,834.6,9.77,148.23168054147385
NM,2000,0,23019.0,1819046.0,757.9,7.42,137.37970342696116
NM,2001,0,24545.0,1830935.0,780.4,5.41,147.1925546237305
NM,2002,0,25237.0,1852044.0,740.7,8.21,119.11164097613232
NM,2003,0,26108.0,1878562.0,667.3,6.17,103.11078367389526
NM,2004,1,27366.0,1903006.0,687.4,8.88,108.3548869525372
NM,2005,1,28744.0,1925985.0,646.3,7.48,98.28736983932896
NM,2006,1,30433.0,1954599.0,654.7,6.86,107.18311019293472
NM,2007,1,31780.0,1969915.0,675.7,9.29,117.92386981164162
NM,2008,1,33552.0,1984356.0,653.5,8.11,108.39788828214292
NM,2009,1,32901.0,2009671.0,632.4,9.85,96.13513853760142
NM,2010,1,33658.0,2065913.0,588.0,6.78,78.22207421125671
NM,2011,1,35069.0,2078674.0,572.7,7.6,82.74505766657013
NM,2012,1,35694.0,2083540.0,559.6,5.57,88.64720619714524
NM,2013,1,34857.0,2086895.0,622.5,5.89,87.78592118913505
NM,2014,1,36880.0,2085567.0,597.7,4.84,100.02076174009274
NM,2015,1,37752.0,2080328.0,657.2,5.62,119.45231713460569
NM,2016,1,38474.0,2085432.0,699.4,6.67,131.2437902554483
NM,2017,1,39196.0,2093395.0,778.6,6.88,178.27500304529246
NM,2018,1,40976.0,2092741.0,842.8,7.31,126.43705073872019
NM,2019,1,43223.0,2099634.0,824.0,8.81,117.97294195083524
NM,2020,1,46560.0,2106319.0,778.3,7.79,99.03533130546703
NM,2021,1,50855.0,2116677.0,820.8,12.9,118.72382985216923
NM,2022,1,53141.0,2113344.0,776.8,12.26,110.29912782774599
NV,1979,0,10942.0,702000.0,835.6,17.52,407.5498575498575
NV,1980,0,11949.0,800312.0,912.6,19.99,460.5703775527544
NV,1981,0,12975.0,845000.0,896.4,17.51,457.9881656804734
NV,1982,0,13332.0,881000.0,805.4,13.62,419.63677639046534
NV,1983,0,13893.0,891000.0,655.2,12.79,307.18294051627385
NV,1984,0,14741.0,911000.0,628.5,10.76,279.03402854006583
NV,1985,0,15553.0,936000.0,667.1,10.26,274.89316239316236
NV,1986,0,16295.0,963000.0,718.9,12.56,286.9158878504673
NV,1987,0,17009.0,1007000.0,695.7,8.44,272.4925521350546
NV,1988,0,18443.0,1060000.0,780.7,10.47,291.22641509433964
NV,1989,0,19632.0,1111000.0,625.3,8.19,250.5850585058506
NV,1990,0,20512.0,1201833.0,600.9,9.65,238.30265935450268
NV,1991,0,21250.0,1284000.0,677.0,11.84,312.46105919003116
NV,1992,0,22540.0,1327000.0,696.8,10.93,331.34890730972114
NV,1993,0,23337.0,1389000.0,875.2,10.37,340.10079193664507
NV,1994,0,24306.0,1457000.0,1001.9,11.67,352.3678792038435
NV,1995,0,25339.0,1530000.0,945.2,10.65,324.5751633986928
NV,1996,1,26608.0,1603000.0,811.3,13.72,307.61072988147225
NV,1997,1,27464.0,1677000.0,798.7,11.15,302.38521168753726
NV,1998,1,29256.0,1747000.0,643.6,9.73,254.89410417859187
NV,1999,1,30301.0,1809253.0,569.9,9.12,232.63744760959358
NV,2000,1,31858.0,1998257.0,524.2,6.46,227.3481338986927
NV,2001,1,32418.0,2097722.0,589.2,8.58,235.11218359725453
NV,2002,1,32180.0,2167455.0,639.3,8.35,236.12946981598233
NV,2003,1,33136.0,2242207.0,616.0,8.79,233.02933226058076
NV,2004,1,35173.0,2332898.0,616.4,7.37,210.2535130125706
NV,2005,1,37907.0,2412301.0,607.5,8.54,194.91763258399345
NV,2006,1,39437.0,2495529.0,748.8,9.06,282.0243723875779
NV,2007,1,39870.0,2565382.0,754.9,7.52,270.44705232982847
NV,2008,1,38640.0,2600167.0,729.7,6.35,249.44551638413992
NV,2009,1,36125.0,2643085.0,705.2,5.9,228.0668234279261
NV,2010,1,37289.0,2704283.0,663.0,5.84,195.91144861687923
NV,2011,1,38595.0,2720028.0,568.1,5.11,158.3807225513855
NV,2012,1,39680.0,2754354.0,608.6,4.5,178.55366448902356
NV,2013,1,39331.0,2791494.0,605.0,5.84,185.6711853939145
NV,2014,1,41126.0,2838281.0,635.7,5.99,209.77486020587813
NV,2015,1,43799.0,2883758.0,697.6,6.17,218.01413294735548
NV,2016,1,44715.0,2939254.0,677.9,7.76,215.63294631903196
NV,2017,1,46991.0,2972405.0,560.6,8.95,162.864750934008
NV,2018,1,49289.0,3027341.0,552.1,6.67,127.57069652873595
NV,2019,1,51942.0,3090771.0,496.1,4.66,106.41357771248663
NV,2020,1,54686.0,3138259.0,460.3,5.74,88.74347209710862
NV,2021,1,61024.0,3146402.0,432.0,7.6,75.13343813028341
NV,2022,1,62696.0,3177772.0,459.3,7.14,87.64001948535011
NY,1979,0,9832.0,17649000.0,917.4,11.85,529.61074281829
NY,1980,0,11006.0,17506690.0,1029.5,12.73,641.3148345004109
NY,1981,0,12263.0,17594000.0,1069.6,12.31,684.0059111060589
NY,1982,0,13312.0,17659000.0,990.1,11.4,610.6970949657399
NY,1983,0,14288.0,17667000.0,914.1,11.08,536.4974245768948
NY,1984,0,15726.0,17735000.0,914.3,10.07,506.9072455596279
NY,1985,0,16801.0,17783000.0,929.9,9.46,504.4480683799134
NY,1986,0,17903.0,17772000.0,985.9,10.73,514.0670717983345
NY,1987,0,18991.0,17825000.0,1008.1,11.31,503.343618513324
NY,1988,0,20814.0,17898000.0,1097.3,12.54,544.3848474689909
NY,1989,0,22439.0,17950000.0,1131.2,12.51,579.292479108635
NY,1990,0,23992.0,17990455.0,1180.9,14.48,624.6645790781835
NY,1991,0,23898.0,18058000.0,1163.9,14.24,622.1176209990033
NY,1992,0,25050.0,18119000.0,1122.1,13.23,596.9093217064959
NY,1993,0,25561.0,18197000.0,1073.5,13.3,561.2023959993405
NY,1994,0,26234.0,18169000.0,965.6,11.1,476.72959436402664
NY,1995,0,27549.0,18136000.0,841.9,8.55,399.7132774591972
NY,1996,0,28886.0,18185000.0,727.0,7.44,339.96150673632116
NY,1997,0,30398.0,18137000.0,688.6,6.03,309.2793736560622
NY,1998,0,31995.0,18175000.0,637.8,5.08,270.2888583218707
NY,1999,0,33641.0,18196601.0,588.8,4.96,240.81970033854125
NY,2000,0,35955.0,18976457.0,553.9,5.02,213.62786530699594
NY,2001,0,37176.0,19084350.0,513.6,5.03,191.54438060505075
NY,2002,0,36972.0,19134293.0,496.6,4.75,191.55659422587496
NY,2003,0,37420.0,19212425.0,465.8,4.86,186.2856979272528
NY,2004,0,39093.0,19280727.0,440.4,4.61,173.77975425926624
NY,2005,0,40645.0,19315721.0,444.4,4.52,182.12625870916236
NY,2006,0,43760.0,19306183.0,435.2,4.78,178.4868609191159
NY,2007,0,47020.0,19297729.0,414.4,4.17,161.08113032367694
NY,2008,0,47909.0,19490297.0,397.9,4.29,163.09140902265366
NY,2009,0,46936.0,19541453.0,384.4,4.0,144.006691825833
NY,2010,0,48578.0,19395206.0,394.4,4.48,147.61379693518077
NY,2011,0,50772.0,19501616.0,397.2,3.94,145.65459600886408
NY,2012,0,52625.0,19576125.0,406.3,3.49,146.26490176171228
NY,2013,0,52874.0,19695680.0,393.8,3.27,138.30951762010756
NY,2014,0,54496.0,19748858.0,384.7,3.12,121.7083033358182
NY,2015,0,56608.0,19747183.0,380.4,3.1,120.9235767957384
NY,2016,0,58400.0,19836286.0,374.6,3.17,112.47065100795582
NY,2017,0,62206.0,19590719.0,361.1,2.81,102.71190148763812
NY,2018,0,64229.0,19530351.0,350.8,2.88,93.14220722402787
NY,2019,0,66460.0,19463131.0,361.0,2.9,93.33030744128476
NY,2020,0,70352.0,19336776.0,363.8,4.18,90.63041326020429
NY,2021,0,76410.0,19857492.0,308.3,4.39,90.64588821186483
NY,2022,1,77425.0,19677151.0,429.4,4.08,111.45922496605327
OH,1979,0,9088.0,10731000.0,457.5,8.06,194.84670580560993
OH,1980,0,9928.0,10766808.0,498.3,8.09,223.66889053840282
OH,1981,0,10807.0,10776000.0,496.6,7.41,236.90608760207868
OH,1982,0,11342.0,10791000.0,436.7,6.26,183.5696413678065
OH,1983,0,12029.0,10746000.0,397.9,5.58,159.42676344686393
OH,1984,0,13271.0,10752000.0,385.3,5.12,145.61011904761904
OH,1985,0,14098.0,10744000.0,381.6,5.16,133.10685033507073
OH,1986,0,14764.0,10752000.0,420.9,5.53,142.14099702380952
OH,1987,0,15379.0,10784000.0,421.3,5.84,153.10645400593472
OH,1988,0,16496.0,10872000.0,452.0,5.38,161.3870493009566
OH,1989,0,17687.0,10907000.0,468.6,5.98,170.85358026955166
OH,1990,0,18682.0,10847115.0,506.2,6.11,188.53861141879662
OH,1991,0,18991.0,10939000.0,561.8,7.16,215.1567784989487
OH,1992,0,20044.0,11016000.0,525.9,6.57,199.0286855482934
OH,1993,0,20735.0,11091000.0,504.1,6.01,192.70579749346317
OH,1994,0,21796.0,11102000.0,485.8,5.96,187.54278508376868
OH,1995,0,22742.0,11151000.0,482.5,5.38,178.7373329746211
OH,1996,0,23719.0,11173000.0,428.7,4.82,164.1099078134789
OH,1997,0,25024.0,11186000.0,435.4,4.68,158.7251922045414
OH,1998,0,26388.0,11209000.0,362.5,3.95,133.46418056918546
OH,1999,0,27119.0,11256654.0,316.4,3.53,127.96875519137392
OH,2000,0,28496.0,11353140.0,334.1,3.68,137.49500138287735
OH,2001,0,29261.0,11389785.0,351.4,3.97,151.00372834078956
OH,2002,0,29669.0,11408699.0,351.7,4.61,156.64362781417933
OH,2003,0,30471.0,11437680.0,333.9,4.6,147.7135223227088
OH,2004,1,31588.0,11450143.0,338.7,4.42,152.21643956761065
OH,2005,1,32419.0,11470685.0,350.1,5.14,162.78888313993454
OH,2006,1,33976.0,11478006.0,361.5,4.88,169.17572616707116
OH,2007,1,35371.0,11466917.0,355.4,4.61,160.03429692566885
OH,2008,1,36654.0,11485910.0,352.0,4.76,162.86040897064316
OH,2009,1,35593.0,11542645.0,331.9,4.57,153.08449666432605
OH,2010,1,36580.0,11537968.0,314.7,4.15,142.88477832491822
OH,2011,1,38927.0,11541007.0,305.2,4.33,138.55809982612436
OH,2012,1,40279.0,11553031.0,301.5,4.14,133.26372966540123
OH,2013,1,40752.0,11572005.0,291.4,4.13,125.15549379731516
OH,2014,1,42277.0,11596998.0,285.7,4.0,110.20093303456635
OH,2015,1,43799.0,11605090.0,296.2,4.5,108.7195359967049
OH,2016,1,44574.0,11622554.0,307.7,5.88,108.18620416820606
OH,2017,1,46114.0,11664129.0,296.8,6.35,96.2266449556585
OH,2018,1,47821.0,11676341.0,294.8,5.1,82.2860517691287
OH,2019,1,49395.0,11696507.0,296.0,4.99,75.75765995779766
OH,2020,1,52852.0,11693217.0,308.8,7.01,66.92768978801983
OH,2021,1,57537.0,11764342.0,317.4,7.51,59.30633434492129
OH,2022,2,58300.0,11756058.0,298.0,6.27,53.64893572318204
OK,1979,0,8557.0,2892000.0,405.2,9.72,102.5587828492393
OK,1980,0,9631.0,3001252.0,419.5,9.96,104.85623999584173
OK,1981,0,11044.0,3098000.0,426.8,9.01,115.36475145255004
OK,1982,0,11902.0,3177000.0,443.9,10.83,132.766761095373
OK,1983,0,11880.0,3298000.0,423.4,7.55,128.7143723468769
OK,1984,0,12752.0,3298000.0,407.5,7.82,111.2189205579139
OK,1985,0,13326.0,3301000.0,422.0,7.69,106.81611632838535
OK,1986,0,13486.0,3305000.0,436.4,8.14,106.535552193646
OK,1987,0,13588.0,3272000.0,417.6,7.46,109.50488997555011
OK,1988,0,14393.0,3263000.0,434.5,7.45,105.05669629175605
OK,1989,0,15387.0,3224000.0,491.5,6.51,126.24069478908187
OK,1990,0,16232.0,3145585.0,547.5,8.04,121.94869952647917
OK,1991,0,16604.0,3175000.0,583.7,7.24,128.94488188976376
OK,1992,0,17389.0,3212000.0,622.8,6.54,136.23910336239103
OK,1993,0,17895.0,3231000.0,634.8,8.45,121.7889198390591
OK,1994,0,18520.0,3258000.0,651.5,6.94,128.11540822590547
OK,1995,0,19152.0,3278000.0,664.1,12.2,115.55826723611959
OK,1996,1,20092.0,3301000.0,597.1,6.76,106.60405937594668
OK,1997,1,21071.0,3317000.0,559.5,6.9,103.8890563762436
OK,1998,1,22009.0,3347000.0,539.4,6.1,91.96295189722139
OK,1999,1,22390.0,3358044.0,508.2,6.88,82.93518488739278
OK,2000,1,24124.0,3450654.0,497.8,5.27,75.78273567851195
OK,2001,1,25557.0,3469577.0,510.9,5.33,79.14509463257336
OK,2002,1,25999.0,3489700.0,504.0,4.67,84.99297933919821
OK,2003,1,27184.0,3506469.0,506.4,5.87,91.9443462925239
OK,2004,1,29194.0,3523546.0,500.5,5.28,87.69574740900218
OK,2005,1,31699.0,3543442.0,509.2,5.28,91.15430702689645
OK,2006,1,34650.0,3579212.0,500.2,5.87,87.8685028995209
OK,2007,1,35493.0,3617316.0,504.1,6.19,93.77118283279647
OK,2008,1,39154.0,3642361.0,531.5,5.9,101.52755314478713
OK,2009,1,35835.0,3687050.0,503.4,6.35,91.07552108053865
OK,2010,1,37157.0,3760184.0,481.4,5.19,88.95841267342236
OK,2011,1,39694.0,3784163.0,457.5,5.6,86.88843477408346
OK,2012,1,41905.0,3815780.0,474.4,5.77,85.12021133293848
OK,2013,1,43607.0,3853118.0,446.1,5.14,78.45594139603303
OK,2014,1,45884.0,3879610.0,413.8,4.64,79.20899265647836
OK,2015,1,44279.0,3907414.0,428.6,6.14,77.23778437606049
OK,2016,1,42053.0,3921207.0,455.3,6.3,80.94446429377484
OK,2017,1,43873.0,3932640.0,457.4,6.18,76.46263070100493
OK,2018,1,46030.0,3940235.0,474.6,5.46,71.18864737763103
OK,2019,1,48177.0,3960676.0,436.3,6.94,60.166496830339064
OK,2020,2,49993.0,3980783.0,458.6,7.44,59.05873291761947
OK,2021,2,54574.0,3991225.0,438.0,7.62,44.973660968750195
OK,2022,2,57929.0,4019800.0,427.0,6.97,41.295586845116674
OR,1979,0,9460.0,2527000.0,545.4,4.23,130.55005935892362
OR,1980,0,10237.0,2610477.0,490.4,5.06,152.38594325864585
OR,1981,0,10927.0,2647000.0,478.7,4.42,180.58179070646014
OR,1982,0,11254.0,2649000.0,473.0,5.13,167.3461683654209
OR,1983,0,12029.0,2662000.0,487.8,4.09,170.2854996243426
OR,1984,0,12953.0,2674000.0,506.1,4.79,168.58638743455495
OR,1985,0,13581.0,2687000.0,551.1,4.65,185.56010420543356
OR,1986,0,14233.0,2698000.0,549.7,6.6,205.8932542624166
OR,1987,0,14820.0,2724000.0,539.5,5.62,195.9618208516887
OR,1988,0,15952.0,2741000.0,545.7,5.07,192.95877417001094
OR,1989,0,17213.0,2820000.0,518.6,4.75,151.84397163120568
OR,1990,1,18153.0,2842321.0,506.8,3.8,144.31867477318713
OR,1991,1,18686.0,2922000.0,506.3,4.55,150.1368925393566
OR,1992,1,19528.0,2977000.0,510.2,4.67,151.39402082633524
OR,1993,1,20428.0,3032000.0,503.1,4.62,129.6174142480211
OR,1994,1,21444.0,3086000.0,520.6,4.86,138.17239144523654
OR,1995,1,22624.0,3141000.0,522.4,4.11,137.91786055396372
OR,1996,1,23919.0,3204000.0,463.1,4.03,122.15980024968789
OR,1997,1,24900.0,3243000.0,444.4,2.93,117.5146469318532
OR,1998,1,25915.0,3282000.0,419.8,3.84,105.17976843388178
OR,1999,1,26498.0,3316154.0,374.9,2.65,86.18417600630127
OR,2000,1,28257.0,3421399.0,350.7,2.05,84.40991535918494
OR,2001,1,28774.0,3473441.0,306.6,2.42,79.14342002642336
OR,2002,1,28759.0,3520355.0,292.5,2.05,77.88987190212352
OR,2003,1,29523.0,3564330.0,294.8,1.91,79.87475907112977
OR,2004,1,30980.0,3591363.0,298.6,2.51,76.60044389831938
OR,2005,1,32125.0,3638871.0,287.0,2.2,68.09804469573118
OR,2006,1,34488.0,3700758.0,284.6,2.38,73.25526284074776
OR,2007,1,35624.0,3747455.0,293.9,2.03,76.42520056945312
OR,2008,1,36856.0,3790060.0,261.4,2.3,70.07804625784289
OR,2009,1,35286.0,3825657.0,260.6,2.3,65.32211329975479
OR,2010,1,35941.0,3838332.0,251.4,2.5,63.07427288728541
OR,2011,1,37531.0,3868229.0,249.3,2.17,57.83008193155059
OR,2012,1,39128.0,3899801.0,247.1,2.33,62.02880608523358
OR,2013,1,39462.0,3928068.0,242.8,2.09,60.945991769999914
OR,2014,1,41654.0,3971202.0,259.2,2.12,57.161534467398035
OR,2015,1,44166.0,4024634.0,265.4,2.73,53.744017468420736
OR,2016,1,45467.0,4085989.0,268.8,2.84,56.46123863769579
OR,2017,1,47566.0,4146592.0,280.4,2.53,59.66345374707712
OR,2018,1,50209.0,4181886.0,290.4,2.06,60.14032902857706
OR,2019,1,52190.0,4216116.0,293.7,2.78,55.24041558628843
OR,2020,1,56663.0,4241507.0,291.9,2.95,51.3968266467555
OR,2021,1,62647.0,4256301.0,341.3,4.79,60.592519185085834
OR,2022,1,63691.0,4240137.0,349.4,4.74,69.0072042483533
PA,1979,0,9156.0,11731000.0,333.6,6.17,152.20356320859264
PA,1980,0,10038.0,11824220.0,363.9,6.84,177.93139843473818
PA,1981,0,11079.0,11864000.0,371.7,6.14,186.58968307484827
PA,1982,0,11847.0,11865000.0,360.4,5.71,175.3560893383902
PA,1983,0,12436.0,11895000.0,342.8,4.9,172.34972677595627
PA,1984,0,13437.0,11901000.0,320.6,4.52,148.35728090076466
PA,1985,0,14298.0,11853000.0,331.1,4.64,147.0429427149245
PA,1986,0,15022.0,11889000.0,358.6,5.54,152.11540079064682
PA,1987,0,15818.0,11936000.0,369.4,5.38,144.44537533512064
PA,1988,0,17137.0,12027000.0,362.0,5.49,138.08098445165044
PA,1989,1,18526.0,12040000.0,378.6,6.25,149.70930232558138
PA,1990,1,19566.0,11881643.0,431.0,6.74,176.154089127236
PA,1991,1,20267.0,11961000.0,450.0,6.34,193.88847086364015
PA,1992,1,21238.0,12009000.0,427.0,6.21,180.70613706386877
PA,1993,1,21911.0,12048000.0,417.5,6.83,178.9757636122178
PA,1994,1,22592.0,12052000.0,426.7,5.91,186.66611350813145
PA,1995,1,23556.0,12072000.0,427.3,6.25,189.34724983432739
PA,1996,1,24699.0,12056000.0,480.3,5.69,188.9847378898474
PA,1997,1,25935.0,12020000.0,442.1,5.87,156.30615640599004
PA,1998,1,27309.0,12001000.0,420.5,5.27,164.87792683943005
PA,1999,1,28416.0,11994016.0,420.5,4.94,155.6609562635234
PA,2000,1,30339.0,12281054.0,420.0,4.9,147.82933126098135
PA,2001,1,31563.0,12303104.0,409.9,5.29,142.2405272685657
PA,2002,1,32084.0,12328827.0,402.1,5.06,139.21032390186025
PA,2003,1,33066.0,12370761.0,397.8,5.23,145.34271577957088
PA,2004,1,34860.0,12394471.0,411.5,5.24,149.05033058692055
PA,2005,1,36173.0,12405348.0,425.3,6.09,154.88481258244428
PA,2006,1,37803.0,12440621.0,442.3,5.96,169.56549034007224
PA,2007,1,40008.0,12432792.0,416.7,5.83,156.36069516806845
PA,2008,1,41467.0,12448279.0,410.0,5.66,151.61131912290847
PA,2009,1,40446.0,12604767.0,382.3,5.27,138.86809649079592
PA,2010,1,42097.0,12717722.0,366.5,5.13,128.75733562976137
PA,2011,1,44119.0,12743948.0,362.4,5.01,126.84452259221398
PA,2012,1,45637.0,12764475.0,355.5,5.54,123.27181493950985
PA,2013,1,45902.0,12781296.0,335.1,4.78,115.31694438498255
PA,2014,1,47467.0,12793767.0,315.0,4.77,105.87186713655174
PA,2015,1,49291.0,12791904.0,315.4,5.2,101.35316837899971
PA,2016,1,50572.0,12787085.0,315.9,5.27,96.30029048841077
PA,2017,1,51886.0,12790447.0,313.0,5.8,92.07653180533877
PA,2018,1,54468.0,12800922.0,305.4,6.12,76.97883011864302
PA,2019,1,56139.0,12798883.0,306.0,5.28,76.17070958457859
PA,2020,1,60281.0,12783254.0,389.5,7.89,83.92229396364964
PA,2021,1,64003.0,13012059.0,281.8,8.35,63.07226242979685
PA,2022,1,65080.0,12972008.0,287.2,8.13,69.28765384665196
RI,1979,0,8742.0,929000.0,375.1,3.23,109.68783638320774
RI,1980,0,9901.0,945835.0,408.5,4.44,118.62534162935395
RI,1981,0,10971.0,952000.0,441.7,4.2,132.03781512605042
RI,1982,0,11799.0,958000.0,401.8,3.65,114.71816283924842
RI,1983,0,12741.0,955000.0,355.2,2.72,112.87958115183247
RI,1984,0,13890.0,962000.0,334.7,3.43,113.40956340956342
RI,1985,0,14864.0,968000.0,346.6,3.62,115.9090909090909
RI,1986,0,15799.0,975000.0,335.5,3.49,118.66666666666666
RI,1987,0,16655.0,986000.0,359.7,3.55,107.7079107505071
RI,1988,0,18289.0,995000.0,396.7,4.12,115.17587939698493
RI,1989,0,19816.0,998000.0,378.0,4.91,112.4248496993988
RI,1990,0,20309.0,1003464.0,431.9,4.78,121.97747004376838
RI,1991,0,20431.0,1004000.0,462.0,3.69,122.90836653386455
RI,1992,0,21305.0,1005000.0,394.5,3.58,94.5273631840796
RI,1993,0,22149.0,1000000.0,401.7,3.9,101.1
RI,1994,0,22689.0,997000.0,375.5,4.11,87.2617853560682
RI,1995,0,23873.0,990000.0,368.0,3.33,92.32323232323232
RI,1996,0,24599.0,990000.0,347.2,2.53,83.23232323232322
RI,1997,0,25898.0,987000.0,333.5,2.53,71.63120567375887
RI,1998,0,27493.0,988000.0,312.1,2.43,66.70040485829959
RI,1999,0,28432.0,990819.0,286.6,3.63,79.53016645825322
RI,2000,0,30350.0,1048319.0,297.7,4.29,87.95032809669576
RI,2001,0,31795.0,1059659.0,309.3,3.68,93.04880154842266
RI,2002,0,32801.0,1068326.0,285.6,3.84,85.7416181951951
RI,2003,0,34256.0,1076084.0,285.7,2.32,77.13152504823043
RI,2004,0,35867.0,1079916.0,247.5,2.41,67.6904499979628
RI,2005,0,36746.0,1073579.0,252.4,3.17,72.28159269136226
RI,2006,0,38719.0,1067610.0,230.4,2.53,69.31370069594702
RI,2007,0,40608.0,1057832.0,229.1,1.8,71.8450566819684
RI,2008,0,41487.0,1050788.0,252.8,2.95,83.74667392471174
RI,2009,0,40588.0,1053209.0,254.3,3.04,74.53411431159438
RI,2010,0,42630.0,1052528.0,257.4,2.76,74.29731085538816
RI,2011,0,44095.0,1050646.0,246.1,1.9,70.81357564774434
RI,2012,0,45298.0,1050304.0,253.0,2.48,68.07552860885991
RI,2013,0,45104.0,1053354.0,257.3,2.94,64.84049996487411
RI,2014,0,46630.0,1054907.0,219.9,2.46,50.24139568701317
RI,2015,0,48049.0,1055607.0,243.0,2.94,51.81852716020261
RI,2016,0,48515.0,1057566.0,239.1,2.74,51.155199770037996
RI,2017,0,50414.0,1056486.0,234.2,1.99,44.865715210613295
RI,2018,0,52132.0,1058287.0,219.8,1.51,42.805023590009135
RI,2019,0,55123.0,1058158.0,222.7,2.46,39.78611889717793
RI,2020,0,59277.0,1057125.0,230.8,3.03,31.784320681092584
RI,2021,0,63101.0,1096985.0,200.5,3.37,25.251028956640244
RI,2022,0,64538.0,1093734.0,173.4,1.65,24.594645498814156
SC,1979,0,7219.0,2932000.0,678.3,12.55,107.63983628922237
SC,1980,0,7967.0,3064557.0,660.0,11.36,118.12474037846253
SC,1981,0,8839.0,3166000.0,640.4,10.42,120.18319646241315
SC,1982,0,9315.0,3203000.0,720.0,10.86,122.41648454573836
SC,1983,0,10034.0,3264000.0,616.8,9.83,104.93259803921568
SC,1984,0,11048.0,3300000.0,624.5,9.24,103.27272727272728
SC,1985,0,11713.0,3347000.0,631.0,9.08,93.90498954287422
SC,1986,0,12371.0,3378000.0,674.6,8.61,99.49674363528716
SC,1987,0,13087.0,3425000.0,664.9,9.28,101.1094890510949
SC,1988,0,14128.0,3493000.0,741.2,9.3,124.73518465502434
SC,1989,0,15178.0,3512000.0,813.7,9.11,130.2391799544419
SC,1990,0,16106.0,3486703.0,976.6,11.19,152.378909244636
SC,1991,0,16505.0,3560000.0,972.5,11.29,171.12359550561797
SC,1992,0,17306.0,3603000.0,944.5,10.35,170.63558145989452
SC,1993,0,17976.0,3643000.0,1023.4,10.35,187.34559429041997
SC,1994,0,18848.0,3664000.0,1030.5,9.63,186.05349344978166
SC,1995,0,19740.0,3673000.0,981.9,7.95,175.90525456030494
SC,1996,0,20719.0,3699000.0,996.9,8.98,171.9653960529873
SC,1997,1,21685.0,3760000.0,990.3,8.35,176.17021276595744
SC,1998,1,22900.0,3836000.0,903.2,7.98,154.9270072992701
SC,1999,1,23687.0,3885736.0,847.2,6.64,148.23446574857374
SC,2000,1,25025.0,4012012.0,828.1,7.25,155.03443160189948
SC,2001,1,25644.0,4062125.0,815.2,8.12,147.38591254577346
SC,2002,1,26122.0,4103770.0,822.7,7.26,140.69989302519392
SC,2003,1,26792.0,4148744.0,806.4,7.3,139.82545078703336
SC,2004,1,27892.0,4197892.0,789.9,6.81,130.25585222297286
SC,2005,1,29136.0,4246933.0,767.4,7.39,133.20200718965899
SC,2006,1,30789.0,4321249.0,771.1,8.38,136.58088205516506
SC,2007,1,32190.0,4407709.0,785.7,8.26,144.15652212975039
SC,2008,1,33110.0,4479800.0,731.0,6.85,147.21639358899952
SC,2009,1,31973.0,4561242.0,675.2,6.69,126.12792743730765
SC,2010,1,32749.0,4637106.0,602.2,5.71,108.19248039617814
SC,2011,1,34406.0,4673348.0,596.9,6.85,99.09384021904638
SC,2012,1,35807.0,4723417.0,560.5,7.03,95.50289546741267
SC,2013,1,35923.0,4771929.0,508.5,6.39,83.09008788689019
SC,2014,1,37755.0,4829160.0,497.8,6.67,83.20287586246883
SC,2015,1,39598.0,4894834.0,499.5,8.31,80.69732293270823
SC,2016,1,40752.0,4959822.0,506.8,7.22,82.07955850028489
SC,2017,1,42385.0,5021219.0,506.1,7.57,77.35173470824515
SC,2018,1,43817.0,5084156.0,500.8,8.08,70.65086122455723
SC,2019,1,46150.0,5157702.0,510.1,8.82,64.46669466363122
SC,2020,1,48763.0,5218040.0,530.7,10.52,59.83089435880139
SC,2021,1,53389.0,5193266.0,513.8,11.36,49.67971985259372
SC,2022,1,54550.0,5282634.0,499.0,10.58,40.6804635717712
SD,1979,0,8222.0,689000.0,159.1,2.03,20.319303338171263
SD,1980,0,8275.0,688217.0,126.8,0.73,20.05181505251977
SD,1981,0,9648.0,685000.0,104.8,1.75,17.81021897810219
SD,1982,0,10153.0,691000.0,99.0,2.75,17.0767004341534
SD,1983,0,10501.0,700000.0,120.0,2.14,15.857142857142858
SD,1984,0,11858.0,706000.0,147.5,1.84,14.872521246458923
SD,1985,1,12144.0,708000.0,136.6,1.84,17.09039548022599
SD,1986,1,12711.0,708000.0,124.7,3.95,16.242937853107343
SD,1987,1,13366.0,709000.0,119.7,1.83,12.270803949224259
SD,1988,1,13952.0,715000.0,113.7,3.08,12.167832167832168
SD,1989,1,15044.0,715000.0,135.5,1.26,11.748251748251748
SD,1990,1,16474.0,696004.0,162.8,2.01,12.356250826144679
SD,1991,1,17028.0,703000.0,182.2,1.71,18.77667140825036
SD,1992,1,18147.0,711000.0,194.5,0.56,16.877637130801688
SD,1993,1,18722.0,715000.0,208.4,3.36,14.965034965034963
SD,1994,1,19943.0,721000.0,227.6,1.39,18.723994452149793
SD,1995,1,20144.0,729000.0,207.5,1.78,25.925925925925927
SD,1996,1,22117.0,732000.0,177.2,1.23,18.852459016393443
SD,1997,1,22571.0,738000.0,197.4,1.36,23.306233062330623
SD,1998,1,24265.0,738000.0,154.3,1.36,20.18970189701897
SD,1999,1,25251.0,733133.0,167.4,2.46,14.049292556739363
SD,2000,1,26727.0,754844.0,166.8,0.93,17.35457922431655
SD,2001,1,27563.0,758324.0,154.4,0.92,13.582584752691462
SD,2002,1,27497.0,760437.0,177.5,1.45,15.38588995538092
SD,2003,1,29883.0,764905.0,173.7,1.31,13.596459691072747
SD,2004,1,31871.0,770621.0,171.2,2.21,14.533733184016526
SD,2005,1,33534.0,774883.0,179.0,2.32,18.71250240358867
SD,2006,1,34983.0,781919.0,264.9,3.84,20.206696601566147
SD,2007,1,38330.0,796214.0,241.9,3.89,14.820136295016164
SD,2008,1,40891.0,804194.0,276.9,4.6,16.66264607793642
SD,2009,1,39435.0,812383.0,218.7,3.69,14.402073898641405
SD,2010,1,41275.0,816598.0,268.9,2.82,18.858728529827406
SD,2011,1,44532.0,823593.0,255.6,2.43,20.277005754055704
SD,2012,1,44996.0,834047.0,323.8,2.76,18.823879229827575
SD,2013,1,44988.0,845510.0,323.2,2.13,18.45040271552081
SD,2014,1,46732.0,853304.0,328.3,2.7,23.321114163299363
SD,2015,1,48308.0,857919.0,384.9,3.85,25.060640922977576
SD,2016,1,48284.0,861542.0,422.0,3.25,31.80344080729668
SD,2017,1,49408.0,873286.0,429.8,3.09,30.230646088452122
SD,2018,1,51579.0,878698.0,396.4,1.37,25.264652929675496
SD,2019,2,54408.0,887127.0,397.1,1.8,21.417452067178655
SD,2020,2,59595.0,892717.0,501.4,4.48,30.692817544641805
SD,2021,2,67188.0,896164.0,391.8,3.01,19.63926245642539
SD,2022,2,69795.0,909824.0,379.0,4.4,25.279614518851997
TN,1979,0,7620.0,4380000.0,414.0,9.82,166.14155251141554
TN,1980,0,8280.0,4545590.0,458.1,10.76,180.57061899555393
TN,1981,0,9157.0,4610000.0,412.6,9.72,171.71366594360086
TN,1982,0,9693.0,4651000.0,421.1,9.72,175.72565039776393
TN,1983,0,10317.0,4685000.0,402.0,8.75,172.7641408751334
TN,1984,0,11403.0,4717000.0,445.4,8.35,166.77973288106847
TN,1985,0,12130.0,4762000.0,474.4,9.01,180.89038219235616
TN,1986,0,12916.0,4803000.0,539.6,10.43,207.74515927545283
TN,1987,0,13751.0,4855000.0,533.5,9.15,193.80020597322348
TN,1988,0,14850.0,4919000.0,532.7,9.37,173.55153486480992
TN,1989,0,15836.0,4940000.0,548.9,8.44,160.44534412955466
TN,1990,0,16710.0,4877185.0,670.4,10.48,191.19635609475546
TN,1991,0,17334.0,4953000.0,725.9,11.04,212.86089238845148
TN,1992,0,18619.0,5024000.0,746.2,10.35,218.2324840764331
TN,1993,0,19472.0,5099000.0,765.8,10.22,220.12159246911162
TN,1994,0,20345.0,5175000.0,747.9,9.31,207.43961352657007
TN,1995,0,21452.0,5256000.0,771.5,10.6,223.2115677321157
TN,1996,0,22274.0,5320000.0,774.0,9.45,223.7218045112782
TN,1997,1,23237.0,5368000.0,789.7,9.52,213.9903129657228
TN,1998,1,25091.0,5431000.0,715.0,8.47,177.9966856932425
TN,1999,1,25756.0,5483535.0,695.0,7.13,156.79666492508937
TN,2000,1,26998.0,5689283.0,707.2,7.21,166.36542777007224
TN,2001,1,27496.0,5749398.0,744.0,7.36,177.7403477720624
TN,2002,1,28102.0,5789796.0,717.8,7.25,162.579130594584
TN,2003,1,29059.0,5845208.0,691.3,6.77,161.03789634175553
TN,2004,1,30435.0,5893298.0,697.6,6.06,150.39117315974858
TN,2005,1,31410.0,5955745.0,757.3,7.24,168.05622134594412
TN,2006,1,32878.0,6038803.0,762.5,6.94,184.52332357919275
TN,2007,1,33963.0,6156719.0,755.0,6.58,179.20259151018587
TN,2008,1,34954.0,6214888.0,722.7,6.63,173.84062271114138
TN,2009,1,34427.0,6296254.0,666.0,7.43,153.31338284637184
TN,2010,1,35809.0,6357436.0,612.0,5.65,131.51528383455218
TN,2011,1,37696.0,6399787.0,607.8,5.94,126.28545293773058
TN,2012,1,39079.0,6454914.0,638.5,6.2,126.27588841617408
TN,2013,1,39099.0,6497269.0,585.8,5.16,112.86280435672279
TN,2014,1,40225.0,6547779.0,610.7,5.64,110.99947020203341
TN,2015,1,41937.0,6595056.0,618.9,6.34,113.70638854317538
TN,2016,1,42938.0,6649404.0,638.5,7.44,117.73987563396659
TN,2017,1,44407.0,6708794.0,655.0,8.02,117.26399707607656
TN,2018,1,46449.0,6771631.0,630.4,7.5,106.65082016430014
TN,2019,1,48903.0,6830325.0,598.9,7.54,90.24460768704272
TN,2020,1,51979.0,6886834.0,672.7,9.63,80.95156642370064
TN,2021,2,57707.0,6968351.0,671.8,10.17,70.89195133827215
TN,2022,2,59097.0,7051339.0,637.4,9.18,68.92307971578164
TX,1979,0,8978.0,13385000.0,507.9,16.7,191.75943220022413
TX,1980,0,9986.0,14169829.0,550.3,16.88,208.52051213885503
TX,1981,0,11407.0,14755000.0,532.4,16.58,193.3446289393426
TX,1982,0,12095.0,15280000.0,577.1,16.14,220.01308900523557
TX,1983,0,12577.0,15724000.0,512.2,14.24,189.3220554566268
TX,1984,0,13533.0,15989000.0,505.0,13.09,178.49771718056164
TX,1985,0,14346.0,16370000.0,550.0,13.02,193.5247403787416
TX,1986,0,14422.0,16682000.0,658.9,13.54,239.90528713583507
TX,1987,0,14605.0,16789000.0,631.1,11.67,226.65435701947706
TX,1988,0,15480.0,16780000.0,652.6,12.05,234.2133492252682
TX,1989,0,16399.0,16991000.0,658.5,11.94,223.13577776469896
TX,1990,0,17451.0,16986510.0,761.4,14.06,260.77752286961834
TX,1991,0,17913.0,17349000.0,840.1,15.29,286.47184275750766
TX,1992,0,18941.0,17656000.0,806.3,12.68,252.5373810602628
TX,1993,0,19604.0,18031000.0,762.1,11.91,224.44124008651764
TX,1994,0,20266.0,18378000.0,706.5,11.0,204.826422896942
TX,1995,0,21223.0,18724000.0,663.9,9.04,179.80666524246956
TX,1996,1,22362.0,19128000.0,644.4,7.72,171.49728147218735
TX,1997,1,23924.0,19439000.0,602.5,6.83,157.01424970420288
TX,1998,1,25543.0,19760000.0,564.6,6.81,145.1265182186235
TX,1999,1,26452.0,20044141.0,560.3,6.07,146.701223065633
TX,2000,1,28253.0,20851820.0,545.1,5.94,145.10483976938224
TX,2001,1,29601.0,21370983.0,571.6,6.23,165.40184417347578
TX,2002,1,29481.0,21736925.0,579.7,5.99,172.8855392379557
TX,2003,1,30176.0,22103374.0,553.1,6.43,167.4721696334686
TX,2004,1,31097.0,22471549.0,540.9,6.07,159.3882112888613
TX,2005,1,33136.0,22928508.0,528.1,6.14,156.0938897550595
TX,2006,1,35422.0,23507783.0,517.3,5.9,158.4836817661623
TX,2007,1,36879.0,23904380.0,510.4,5.94,162.2213167628694
TX,2008,1,39841.0,24326974.0,508.0,5.63,155.13232348585564
TX,2009,1,37234.0,24782302.0,491.0,5.37,153.42400395249803
TX,2010,1,38911.0,25253466.0,448.4,4.95,130.05343504135234
TX,2011,1,41941.0,25631778.0,408.6,4.41,111.65827044850342
TX,2012,1,43869.0,26060796.0,408.6,4.41,116.59275487978188
TX,2013,1,44403.0,26505637.0,410.3,4.3,120.0122072146389
TX,2014,1,46747.0,26979078.0,406.7,4.42,114.98169062708519
TX,2015,1,46767.0,27429639.0,412.7,4.8,116.38505340883269
TX,2016,1,45868.0,27904862.0,433.8,5.3,119.32687572509765
TX,2017,1,48524.0,28322717.0,437.8,4.96,113.40719889267686
TX,2018,1,51346.0,28628666.0,412.9,4.64,98.98819595715706
TX,2019,1,53271.0,28986794.0,421.8,4.94,100.48023938073318
TX,2020,1,54825.0,29360759.0,446.5,6.58,91.39409509134283
TX,2021,1,60396.0,29558864.0,453.0,7.06,76.47790524020138
TX,2022,2,63758.0,30029572.0,436.2,6.91,70.63037728276646
UT,1979,0,7747.0,1367000.0,304.2,4.83,77.68836869056328
UT,1980,0,8365.0,1458729.0,303.3,3.77,80.20681017515933
UT,1981,0,9158.0,1516000.0,298.6,3.3,84.82849604221636
UT,1982,0,9663.0,1554000.0,285.7,3.41,86.48648648648648
UT,1983,0,10117.0,1619000.0,256.0,3.46,64.29894996911675
UT,1984,0,10972.0,1652000.0,244.2,2.85,57.99031476997579
UT,1985,0,11601.0,1645000.0,267.4,3.04,55.19756838905776
UT,1986,0,12046.0,1665000.0,266.7,3.18,58.61861861861862
UT,1987,0,12471.0,1680000.0,229.8,3.27,52.797619047619044
UT,1988,0,13206.0,1691000.0,243.1,2.78,54.10999408633944
UT,1989,0,14035.0,1707000.0,258.8,2.64,52.60691271236086
UT,1990,0,15004.0,1722850.0,283.9,3.02,56.88249122094204
UT,1991,0,15663.0,1770000.0,286.8,2.94,55.1412429378531
UT,1992,0,16390.0,1813000.0,290.5,2.98,55.92939878654164
UT,1993,0,17102.0,1860000.0,301.0,3.12,58.602150537634415
UT,1994,0,17920.0,1908000.0,304.5,2.94,63.57442348008385
UT,1995,1,19003.0,1951000.0,328.8,3.9,67.09379805228087
UT,1996,1,20156.0,2000000.0,331.9,3.15,68.85
UT,1997,1,21229.0,2059000.0,334.0,2.43,68.38271005342399
UT,1998,1,22207.0,2100000.0,314.2,3.1,65.95238095238095
UT,1999,1,22995.0,2129836.0,275.6,2.07,54.37038344736402
UT,2000,1,24162.0,2233169.0,255.7,1.93,55.6160326424019
UT,2001,1,24867.0,2278712.0,233.2,2.94,52.52967465831575
UT,2002,1,25167.0,2318789.0,236.7,2.03,49.163593582684754
UT,2003,1,25749.0,2352119.0,250.4,2.55,53.48368853786735
UT,2004,1,26980.0,2420708.0,233.3,1.9,51.05944211362957
UT,2005,1,28751.0,2490334.0,225.4,2.25,43.97000562976693
UT,2006,1,31107.0,2550063.0,226.3,2.0,48.70467906087026
UT,2007,1,32924.0,2645330.0,239.9,2.23,53.86851545931887
UT,2008,1,33784.0,2736424.0,225.3,1.5,51.92908701283134
UT,2009,1,31796.0,2784572.0,215.4,1.4,46.82945888991198
UT,2010,1,32037.0,2775479.0,213.5,1.91,45.72183756389438
UT,2011,1,34015.0,2814347.0,197.1,1.78,38.339266622061885
UT,2012,1,35622.0,2854871.0,208.0,1.82,38.705776898500844
UT,2013,1,36102.0,2902787.0,228.9,1.76,42.95871519336417
UT,2014,1,37621.0,2944498.0,219.5,2.24,44.591641767119555
UT,2015,1,39881.0,2990632.0,238.7,1.91,44.43876745784838
UT,2016,1,41295.0,3044321.0,243.3,2.43,50.19181617181631
UT,2017,1,43030.0,3103118.0,242.2,2.38,48.27402631804527
UT,2018,1,45463.0,3153550.0,239.4,2.0,39.22563460227363
UT,2019,1,48163.0,3203383.0,236.9,2.4,35.27520749158
UT,2020,1,51764.0,3249879.0,260.7,3.14,41.90925262140529
UT,2021,2,58325.0,3339113.0,259.1,2.82,33.032724558887345
UT,2022,2,60713.0,3380800.0,243.8,2.22,29.430903928064364
VA,1979,0,9425.0,5197000.0,301.0,8.6,111.58360592649606
VA,1980,0,10571.0,5323412.0,307.2,8.62,120.0733664799944
VA,1981,0,11692.0,5426000.0,321.7,8.55,133.2288978990048
VA,1982,0,12526.0,5491000.0,309.1,7.38,122.16354033873611
VA,1983,0,13344.0,5550000.0,292.5,6.97,110.4864864864865
VA,1984,0,14626.0,5636000.0,295.6,7.7,102.28885734563521
VA,1985,0,15620.0,5706000.0,294.7,7.1,100.2453557658605
VA,1986,0,16572.0,5787000.0,306.0,7.1,105.71971660618628
VA,1987,0,17487.0,5904000.0,295.0,7.4,105.75880758807588
VA,1988,0,18860.0,5996000.0,299.2,7.81,112.5416944629753
VA,1989,0,20122.0,6098000.0,312.5,7.87,106.49393243686454
VA,1990,0,20840.0,6187358.0,350.6,8.81,123.25131340387932
VA,1991,0,21452.0,6286000.0,373.2,9.27,137.62328985046133
VA,1992,0,22390.0,6377000.0,374.9,8.84,137.79206523443625
VA,1993,0,23180.0,6491000.0,372.2,8.3,141.9812047450316
VA,1994,0,24085.0,6552000.0,357.7,8.71,132.84493284493286
VA,1995,1,25011.0,6618000.0,361.5,7.6,131.73164097914778
VA,1996,1,25935.0,6675000.0,341.3,7.49,122.561797752809
VA,1997,1,27328.0,6734000.0,345.2,7.25,124.5025245025245
VA,1998,1,28965.0,6791000.0,325.7,6.21,105.59564128994256
VA,1999,1,30574.0,6872912.0,314.7,5.7,101.07797102596396
VA,2000,1,32631.0,7078515.0,281.7,5.67,88.93108229621608
VA,2001,1,33940.0,7196750.0,291.0,5.06,95.3208045298225
VA,2002,1,34495.0,7287829.0,291.7,5.32,95.51541343793879
VA,2003,1,36151.0,7365284.0,278.2,5.65,91.14380382345067
VA,2004,1,38082.0,7481332.0,275.5,5.21,92.2161989335589
VA,2005,1,40027.0,7564327.0,283.4,6.05,99.08350075294207
VA,2006,1,42164.0,7642884.0,283.7,5.27,101.78095075105158
VA,2007,1,44020.0,7712091.0,272.8,5.38,99.79135360306303
VA,2008,1,45383.0,7769089.0,257.8,4.76,96.15026935590518
VA,2009,1,44091.0,7882590.0,230.8,4.69,80.45578927738218
VA,2010,1,45442.0,8023953.0,214.2,4.69,70.76312635430442
VA,2011,1,47563.0,8104384.0,197.6,3.75,66.93907889853195
VA,2012,1,49049.0,8186628.0,191.5,3.93,57.63056535609044
VA,2013,1,48195.0,8270345.0,197.8,3.87,55.30603620526109
VA,2014,1,49760.0,8328098.0,198.4,4.2,51.56039230085909
VA,2015,1,51617.0,8367587.0,199.6,4.66,53.288958931649
VA,2016,1,52656.0,8414380.0,219.8,5.73,57.35419603108013
VA,2017,1,54377.0,8465207.0,210.4,5.55,51.16236377917279
VA,2018,1,56130.0,8501286.0,204.2,4.91,42.46416365712199
VA,2019,1,58362.0,8556642.0,209.4,5.22,41.13763319769601
VA,2020,1,61451.0,8590563.0,208.7,6.1,34.30508570858511
VA,2021,1,67214.0,8657365.0,225.5,6.62,33.72850746156596
VA,2022,1,69581.0,8683619.0,237.5,7.38,38.69354470756951
VT,1979,2,7939.0,493000.0,184.2,1.42,28.600405679513184
VT,1980,2,8793.0,511299.0,178.8,2.15,38.92047510360865
VT,1981,2,9817.0,515000.0,128.0,4.27,27.572815533980584
VT,1982,2,10578.0,516000.0,126.9,2.33,23.06201550387597
VT,1983,2,11286.0,525000.0,132.6,3.62,27.80952380952381
VT,1984,2,12305.0,530000.0,145.1,2.26,23.0188679245283
VT,1985,2,13265.0,535000.0,147.7,3.36,20.934579439252335
VT,1986,2,14165.0,541000.0,149.2,2.03,22.181146025878004
VT,1987,2,15128.0,548000.0,136.5,2.74,16.78832116788321
VT,1988,2,16307.0,556000.0,142.3,1.98,16.007194244604314
VT,1989,2,17757.0,567000.0,132.8,1.94,17.98941798941799
VT,1990,2,18226.0,562758.0,127.2,2.31,11.727954111714094
VT,1991,2,18479.0,567000.0,116.8,2.12,11.81657848324515
VT,1992,2,19602.0,570000.0,109.5,2.11,8.947368421052632
VT,1993,2,20184.0,576000.0,114.2,3.65,9.027777777777777
VT,1994,2,20936.0,580000.0,96.9,1.03,12.241379310344827
VT,1995,2,21837.0,585000.0,118.3,2.22,10.94017094017094
VT,1996,2,22816.0,589000.0,121.2,1.87,15.449915110356537
VT,1997,2,24042.0,589000.0,119.7,1.53,13.412563667232597
VT,1998,2,25747.0,591000.0,106.3,2.2,9.475465313028765
VT,1999,2,27000.0,593740.0,113.9,2.86,10.947552800889278
VT,2000,2,29002.0,608827.0,113.5,1.48,19.2172817565581
VT,2001,2,30704.0,612978.0,105.1,1.14,17.455765133495817
VT,2002,2,31194.0,616408.0,106.7,2.11,12.491726259230898
VT,2003,2,32282.0,619343.0,114.2,2.42,10.010608015267792
VT,2004,2,33955.0,621233.0,114.8,2.58,12.555675567782137
VT,2005,2,34573.0,622387.0,125.6,1.29,12.211051966059703
VT,2006,2,36609.0,623908.0,145.1,2.24,18.271924706847802
VT,2007,2,38595.0,621254.0,129.1,2.09,12.716215911688295
VT,2008,2,40774.0,621270.0,137.5,2.74,14.969337003235307
VT,2009,2,40358.0,621760.0,134.6,1.29,17.852547606793618
VT,2010,2,41491.0,625909.0,131.0,1.12,12.142340180441566
VT,2011,2,43754.0,626592.0,147.6,1.76,15.799754864409378
VT,2012,2,44858.0,625953.0,142.3,1.28,18.212229991708643
VT,2013,2,45296.0,626855.0,123.6,1.6,11.964489395474233
VT,2014,2,46894.0,626767.0,102.6,1.6,11.487522476454568
VT,2015,2,48117.0,626088.0,119.3,1.6,16.770805381991032
VT,2016,2,48827.0,623354.0,136.5,2.25,12.512954115959793
VT,2017,2,50009.0,624525.0,173.3,2.72,16.012169248628958
VT,2018,2,51691.0,624358.0,185.0,1.76,11.692010032705594
VT,2019,2,54278.0,624046.0,207.2,1.76,11.377366412091417
VT,2020,2,58157.0,623347.0,173.4,2.25,10.267154570407815
VT,2021,2,61110.0,646972.0,194.0,1.39,10.665067421774049
VT,2022,2,63829.0,647064.0,223.5,3.4,14.21806807363723
WA,1979,1,10156.0,3926000.0,434.6,4.76,120.70809984717269
WA,1980,1,11133.0,4113331.0,464.3,5.47,135.12163256494554
WA,1981,1,12127.0,4212000.0,447.3,5.06,129.985754985755
WA,1982,1,12761.0,4245000.0,406.4,4.36,117.85630153121319
WA,1983,1,13555.0,4300000.0,371.8,4.93,105.41860465116278
WA,1984,1,14356.0,4349000.0,406.4,4.64,120.64842492527016
WA,1985,1,15076.0,4409000.0,425.4,5.24,132.0254025856203
WA,1986,1,15908.0,4463000.0,437.0,5.0,135.13331839569796
WA,1987,1,16493.0,4538000.0,439.5,5.64,141.40590568532394
WA,1988,1,17598.0,4619000.0,466.4,5.72,145.87573067763583
WA,1989,1,19007.0,4761000.0,471.7,4.39,140.13862633900442
WA,1990,1,20219.0,4866692.0,501.6,4.89,129.9856247323644
WA,1991,1,21149.0,5018000.0,522.6,4.2,145.53607014746913
WA,1992,1,22220.0,5136000.0,534.5,5.02,139.75856697819316
WA,1993,1,22836.0,5255000.0,514.6,5.16,137.08848715509038
WA,1994,1,23570.0,5343000.0,511.3,5.5,139.69679955081415
WA,1995,1,24436.0,5431000.0,484.3,5.06,132.73798563800406
WA,1996,1,25841.0,5533000.0,431.2,4.61,119.04934032170613
WA,1997,1,27245.0,5610000.0,440.7,4.35,120.03565062388593
WA,1998,1,29355.0,5689000.0,428.5,3.94,115.60907013534892
WA,1999,1,30786.0,5756361.0,377.3,2.97,100.89707716385405
WA,2000,1,32538.0,5894121.0,369.7,3.33,98.60673033349671
WA,2001,1,32986.0,5993390.0,354.7,2.99,99.00907499762238
WA,2002,1,33222.0,6067060.0,345.5,3.03,95.5487501359802
WA,2003,1,34267.0,6131298.0,346.9,2.97,93.2592087352466
WA,2004,1,36309.0,6207046.0,343.6,3.06,94.50550229529473
WA,2005,1,37202.0,6291899.0,345.6,3.26,91.99130500982295
WA,2006,1,39744.0,6395798.0,348.7,3.08,100.44094575844954
WA,2007,1,42524.0,6468424.0,336.5,2.69,93.97961543646488
WA,2008,1,44098.0,6549224.0,334.2,2.95,98.0116117573624
WA,2009,1,41679.0,6664195.0,336.3,2.85,100.70233539084614
WA,2010,1,42327.0,6742950.0,313.5,2.28,87.92887386084726
WA,2011,1,44279.0,6823267.0,295.3,2.39,82.46782662909132
WA,2012,1,47053.0,6895318.0,298.1,3.15,84.1295499351879
WA,2013,1,47448.0,6973742.0,290.0,2.39,83.58496772607876
WA,2014,1,50259.0,7063166.0,285.8,2.52,79.86503502820123
WA,2015,1,52408.0,7160290.0,286.4,3.04,76.11423559660294
WA,2016,1,54296.0,7280934.0,303.5,2.68,77.58619979249916
WA,2017,1,56800.0,7425432.0,302.8,3.04,72.53450034960929
WA,2018,1,59824.0,7523869.0,315.3,3.14,73.85827690514017
WA,2019,1,63431.0,7614024.0,303.3,2.69,70.34388123809434
WA,2020,1,67669.0,7693612.0,293.7,3.91,67.36757715361783
WA,2021,1,73944.0,7740745.0,335.7,4.28,74.06263867366772
WA,2022,1,76120.0,7785786.0,378.9,5.14,86.90195183890233
WI,1979,0,9172.0,4720000.0,166.1,3.39,60.52966101694915
WI,1980,0,10038.0,4680917.0,182.6,2.91,70.7126402796717
WI,1981,0,10915.0,4739000.0,187.9,3.4,68.55876767250476
WI,1982,0,11509.0,4765000.0,190.5,3.11,71.20671563483735
WI,1983,0,12118.0,4751000.0,190.9,2.76,71.87960429383287
WI,1984,0,13270.0,4766000.0,196.5,2.45,66.44985312631137
WI,1985,0,13953.0,4775000.0,206.9,2.83,70.17801047120419
WI,1986,0,14694.0,4785000.0,257.9,3.11,72.78996865203762
WI,1987,0,15385.0,4807000.0,249.9,3.49,66.40316205533597
WI,1988,0,16255.0,4858000.0,214.4,2.96,67.0646356525319
WI,1989,0,17594.0,4867000.0,222.6,3.62,75.17978220669816
WI,1990,0,18435.0,4891769.0,264.7,4.6,112.71995877156097
WI,1991,0,18953.0,4955000.0,277.0,4.82,118.970736629667
WI,1992,0,20166.0,5007000.0,275.7,4.35,119.77231875374476
WI,1993,0,20967.0,5038000.0,264.4,4.41,113.41802302500992
WI,1994,0,22063.0,5082000.0,270.5,4.47,112.9279811097993
WI,1995,0,22981.0,5123000.0,281.1,4.27,105.09467109115754
WI,1996,0,24080.0,5160000.0,252.7,3.95,96.55038759689923
WI,1997,0,25409.0,5170000.0,270.6,3.97,100.85106382978722
WI,1998,0,27018.0,5224000.0,249.0,3.64,85.64318529862175
WI,1999,0,27892.0,5250446.0,245.8,3.41,84.73565864690352
WI,2000,0,29493.0,5363675.0,236.8,3.15,84.58752627629377
WI,2001,0,30812.0,5405947.0,231.0,3.55,82.20576339353678
WI,2002,0,31406.0,5439692.0,225.0,2.83,86.64093481763307
WI,2003,0,32084.0,5474290.0,221.1,3.34,80.32091832913491
WI,2004,0,33319.0,5503533.0,209.8,2.8,73.89798516698274
WI,2005,0,34218.0,5527644.0,241.8,3.73,82.40400430997366
WI,2006,0,36047.0,5556506.0,286.1,2.97,100.13486892662404
WI,2007,0,37522.0,5601640.0,291.5,3.3,97.8284930841682
WI,2008,0,38857.0,5627967.0,275.5,2.59,91.73827778307869
WI,2009,0,38138.0,5654774.0,259.1,2.58,86.72318292472873
WI,2010,0,39048.0,5691659.0,248.9,2.72,79.34417715467494
WI,2011,0,41067.0,5709843.0,249.9,2.42,80.56263543498481
WI,2012,1,42639.0,5724554.0,283.9,2.95,81.96271709551522
WI,2013,1,42685.0,5742953.0,280.7,2.84,84.17272438064529
WI,2014,1,44156.0,5759432.0,291.1,2.76,88.56776154315217
WI,2015,1,45928.0,5767891.0,304.3,4.16,90.74373978287731
WI,2016,1,46595.0,5772917.0,306.9,4.02,81.53590290662416
WI,2017,1,48311.0,5792051.0,321.8,3.31,75.44823068719526
WI,2018,1,50520.0,5807406.0,299.0,3.01,60.14733600509418
WI,2019,1,52370.0,5824581.0,297.1,3.24,51.40283910550819
WI,2020,1,55499.0,5832655.0,323.4,5.28,52.8232854506224
WI,2021,1,60693.0,5880101.0,325.4,5.65,45.781526541806
WI,2022,1,61837.0,5892539.0,303.6,5.46,39.88094096619471
WV,1979,0,7335.0,1878000.0,168.1,6.82,43.929712460063904
WV,1980,0,8014.0,1930787.0,183.7,7.15,48.477641500590174
WV,1981,0,8723.0,1951000.0,174.8,6.05,50.17939518195797
WV,1982,0,9263.0,1948000.0,174.8,5.24,49.794661190965094
WV,1983,0,9539.0,1965000.0,171.8,4.89,44.223918575063614
WV,1984,0,10335.0,1952000.0,168.2,4.41,38.114754098360656
WV,1985,0,10885.0,1936000.0,166.0,3.77,37.603305785123965
WV,1986,0,11291.0,1919000.0,164.5,5.94,41.01094319958312
WV,1987,0,11690.0,1897000.0,137.3,4.85,31.154454401686873
WV,1988,0,12688.0,1884000.0,131.4,4.94,34.182590233545646
WV,1989,0,13606.0,1857000.0,146.7,6.52,42.703284868066774
WV,1990,1,14607.0,1793477.0,169.3,5.69,37.915178170670714
WV,1991,1,15195.0,1801000.0,191.0,6.16,43.25374791782343
WV,1992,1,16269.0,1812000.0,211.5,6.35,43.487858719646795
WV,1993,1,16767.0,1820000.0,208.4,6.92,42.967032967032964
WV,1994,1,17463.0,1822000.0,215.8,5.43,42.37102085620197
WV,1995,1,18016.0,1828000.0,210.2,4.87,42.72428884026258
WV,1996,1,18736.0,1826000.0,210.1,3.78,40.36144578313253
WV,1997,1,19585.0,1816000.0,218.7,4.13,43.06167400881058
WV,1998,1,20451.0,1811000.0,248.6,4.31,37.32744340143567
WV,1999,1,21017.0,1806928.0,350.7,4.37,36.58142438436949
WV,2000,1,22275.0,1808344.0,316.5,2.54,41.41911052321903
WV,2001,1,23731.0,1800975.0,279.6,2.22,39.25651383278502
WV,2002,1,24506.0,1804884.0,233.9,3.16,36.401231325669684
WV,2003,1,24804.0,1811440.0,255.4,4.03,38.698494015810624
WV,2004,1,25628.0,1812548.0,281.9,3.75,42.7023174006978
WV,2005,1,26836.0,1814083.0,273.9,4.52,44.981403827719014
WV,2006,1,28528.0,1818470.0,281.2,4.4,46.90756515092358
WV,2007,1,29544.0,1812035.0,276.8,3.59,46.74302648679524
WV,2008,1,31494.0,1814468.0,275.9,3.69,49.3808653555753
WV,2009,1,31653.0,1819777.0,305.2,4.62,50.22593427656246
WV,2010,1,32642.0,1854368.0,301.2,3.13,41.84714145196639
WV,2011,1,34490.0,1854908.0,296.3,4.69,43.23664569887024
WV,2012,1,35233.0,1856680.0,320.1,3.77,44.97274705388112
WV,2013,1,35093.0,1853595.0,305.2,3.34,35.228839093761046
WV,2014,1,36243.0,1848751.0,316.4,4.54,35.429324987518605
WV,2015,1,37068.0,1841053.0,347.5,4.62,42.530008641793586
WV,2016,2,37075.0,1828637.0,362.7,4.65,39.37358808773967
WV,2017,2,38841.0,1817048.0,361.2,5.39,37.038096957262546
WV,2018,2,41001.0,1804291.0,299.9,4.21,18.45600293965885
WV,2019,2,42615.0,1795263.0,318.9,5.57,19.32864432676438
WV,2020,2,44897.0,1784787.0,355.9,6.56,20.674735976898084
WV,2021,2,48895.0,1785526.0,291.5,6.05,11.761240105156688
WV,2022,2,50163.0,1775156.0,293.7,5.35,11.829946213177884
WY,1979,0,10436.0,450000.0,350.9,9.11,42.22222222222222
WY,1980,0,11614.0,468954.0,392.6,6.18,44.35403045927745
WY,1981,0,12801.0,492000.0,430.1,5.49,41.86991869918699
WY,1982,0,13056.0,502000.0,304.2,9.16,34.26294820717132
WY,1983,0,12872.0,514000.0,237.2,5.84,29.766536964980546
WY,1984,0,13564.0,511000.0,242.1,3.33,23.091976516634052
WY,1985,0,14321.0,509000.0,256.8,4.32,20.039292730844792
WY,1986,0,14376.0,507000.0,293.1,5.33,22.485207100591715
WY,1987,0,14327.0,490000.0,283.1,2.04,20.0
WY,1988,0,15037.0,471000.0,314.0,2.55,15.074309978768577
WY,1989,0,16650.0,475000.0,258.3,4.42,17.052631578947366
WY,1990,0,18142.0,453588.0,301.4,4.85,15.873435805180032
WY,1991,0,18836.0,460000.0,310.2,3.26,17.17391304347826
WY,1992,0,19565.0,466000.0,319.5,3.65,18.025751072961373
WY,1993,0,20392.0,470000.0,286.2,3.4,17.23404255319149
WY,1994,0,21000.0,476000.0,272.5,3.36,16.596638655462183
WY,1995,1,21773.0,480000.0,254.2,2.08,17.916666666666668
WY,1996,1,22622.0,481000.0,249.7,3.33,20.374220374220375
WY,1997,1,24241.0,480000.0,255.2,3.54,17.708333333333336
WY,1998,1,25704.0,481000.0,247.6,4.78,16.216216216216214
WY,1999,1,27404.0,479602.0,232.5,2.29,15.429460260799582
WY,2000,1,29426.0,493782.0,266.5,2.43,14.17629642230782
WY,2001,1,31215.0,493754.0,257.6,1.82,17.012520404897987
WY,2002,1,31810.0,498830.0,273.4,3.01,18.64362608503899
WY,2003,1,33642.0,502111.0,261.7,2.79,16.72936860574654
WY,2004,1,35921.0,505887.0,229.9,2.17,13.244064385920177
WY,2005,1,38907.0,508798.0,230.3,2.75,15.33024893965778
WY,2006,1,43805.0,515004.0,253.8,2.52,13.9804739380665
WY,2007,1,45634.0,522830.0,257.1,4.02,16.066407818985137
WY,2008,1,49451.0,532668.0,249.7,2.25,16.332875261889207
WY,2009,1,44499.0,544270.0,219.7,2.02,14.331122420857296
WY,2010,1,46395.0,564554.0,197.9,1.42,13.639085012239752
WY,2011,2,50631.0,567356.0,219.4,3.17,12.514188622311211
WY,2012,2,53597.0,576626.0,201.3,2.43,10.57878070014186
WY,2013,2,52835.0,583223.0,207.8,2.91,12.688114151876727
WY,2014,2,56251.0,584304.0,195.4,2.74,9.070620772748432
WY,2015,2,56120.0,586555.0,221.6,2.73,10.058732770157956
WY,2016,2,53419.0,584910.0,244.7,3.42,10.087021934998546
WY,2017,2,56378.0,578934.0,234.6,2.42,16.927663602414093
WY,2018,2,59197.0,577601.0,213.8,2.42,12.984742062427175
WY,2019,2,61853.0,580116.0,215.0,2.24,11.549414255080018
WY,2020,2,65094.0,582328.0,234.2,3.09,11.333818741327912
WY,2021,2,71456.0,579483.0,223.8,3.11,12.079733141438144
WY,2022,2,77800.0,581381.0,204.3,2.58,8.256203763108873
